2024-12-15 23:44:28,526 ERROR auto_assemble_dichuyen(1216) Zhuangzi2: auto_assemble_dichuyen: 474 300
2024-12-15 23:44:28,609 ERROR auto_assemble_dichuyen(1216) Zhuangzi1: auto_assemble_dichuyen: 385 300
2024-12-15 23:44:28,886 ERROR auto_assemble_thucthicaulenh(1117) Zhuangzi2 pf 2310 3705
2024-12-15 23:44:28,941 ERROR auto_assemble_thucthicaulenh(1117) Zhuangzi1 pf 2310 3706
2024-12-15 23:44:29,168 ERROR auto_assemble_thucthicaulenh(1117) Zhuangzi2 pf 2310 3705
2024-12-15 23:44:29,225 ERROR auto_assemble_thucthicaulenh(1117) Zhuangzi1 pf 2310 3706
2024-12-15 23:44:29,481 ERROR auto_assemble_thucthicaulenh(1117) Zhuangzi2 pf 2310 3705
2024-12-15 23:44:29,507 ERROR auto_assemble_thucthicaulenh(1117) Zhuangzi1 pf 2310 3706
2024-12-15 23:44:29,767 ERROR auto_assemble_thucthicaulenh(1117) Zhuangzi2 pf 2310 3705
2024-12-15 23:44:29,800 ERROR auto_assemble_thucthicaulenh(1117) Zhuangzi1 pf 2310 3706
2024-12-15 23:44:30,068 ERROR auto_assemble_thucthicaulenh(1117) Zhuangzi2 pf 2310 3705
2024-12-15 23:44:30,086 ERROR auto_assemble_thucthicaulenh(1117) Zhuangzi1 pf 2310 3706
2024-12-15 23:44:30,355 ERROR auto_assemble_thucthicaulenh(1117) Zhuangzi2 pf 2310 3705
2024-12-15 23:44:30,368 ERROR auto_assemble_thucthicaulenh(1117) Zhuangzi1 pf 2310 3706
2024-12-15 23:44:30,653 ERROR auto_assemble_thucthicaulenh(1117) Zhuangzi2 pf 2310 3705
2024-12-15 23:44:30,658 ERROR auto_assemble_thucthicaulenh(1117) Zhuangzi1 pf 2310 3706
2024-12-15 23:44:30,930 ERROR auto_assemble_thucthicaulenh(1117) Zhuangzi2 pf 2310 3705
2024-12-15 23:44:30,939 ERROR auto_assemble_thucthicaulenh(1117) Zhuangzi1 pf 2310 3706
2024-12-15 23:44:31,205 ERROR auto_assemble_thucthicaulenh(1117) Zhuangzi2 pf 2310 3705
2024-12-15 23:44:31,230 ERROR auto_assemble_thucthicaulenh(1117) Zhuangzi1 pf 2310 3706
2024-12-15 23:44:46,999 ERROR auto_assemble_dichuyen(1216) Zhuangzi1: auto_assemble_dichuyen: 296 300
2024-12-15 23:44:47,860 ERROR auto_assemble_thucthicaulenh(1117) Zhuangzi2 pf 2310 3705
2024-12-15 23:44:48,136 ERROR auto_assemble_thucthicaulenh(1117) Zhuangzi2 pf 2310 3705
2024-12-15 23:44:48,173 ERROR auto_assemble_thucthicaulenh(1117) Zhuangzi1 pf 2310 3706
2024-12-15 23:44:48,420 ERROR auto_assemble_thucthicaulenh(1117) Zhuangzi2 pf 2310 3705
2024-12-15 23:44:48,715 ERROR auto_assemble_thucthicaulenh(1117) Zhuangzi2 pf 2310 3705
2024-12-15 23:44:49,337 ERROR auto_assemble_thucthicaulenh(1117) Zhuangzi1 pf 2310 3706
2024-12-15 23:44:49,629 ERROR auto_assemble_thucthicaulenh(1117) Zhuangzi1 pf 2310 3706
2024-12-15 23:44:49,818 ERROR auto_assemble_thucthicaulenh(1117) Zhuangzi2 pf 2310 3705
2024-12-15 23:44:49,909 ERROR auto_assemble_thucthicaulenh(1117) Zhuangzi1 pf 2310 3706
2024-12-15 23:44:50,103 ERROR auto_assemble_thucthicaulenh(1117) Zhuangzi2 pf 2310 3705
2024-12-15 23:44:50,188 ERROR auto_assemble_thucthicaulenh(1117) Zhuangzi1 pf 2310 3706
2024-12-15 23:44:50,377 ERROR auto_assemble_thucthicaulenh(1117) Zhuangzi2 pf 2310 3705
2024-12-15 23:44:50,483 ERROR auto_assemble_thucthicaulenh(1117) Zhuangzi1 pf 2310 3706
2024-12-15 23:44:50,684 ERROR auto_assemble_thucthicaulenh(1117) Zhuangzi2 pf 2310 3705
2024-12-15 23:44:50,759 ERROR auto_assemble_thucthicaulenh(1117) Zhuangzi1 pf 2310 3706
2024-12-15 23:44:50,966 ERROR auto_assemble_thucthicaulenh(1117) Zhuangzi2 pf 2310 3705
2024-12-15 23:44:51,036 ERROR auto_assemble_thucthicaulenh(1117) Zhuangzi1 pf 2310 3706
2024-12-15 23:44:51,254 ERROR auto_assemble_thucthicaulenh(1117) Zhuangzi2 pf 2310 3705
2024-12-15 23:44:51,329 ERROR auto_assemble_thucthicaulenh(1117) Zhuangzi1 pf 2310 3706
2024-12-15 23:44:51,544 ERROR auto_assemble_thucthicaulenh(1117) Zhuangzi2 pf 2310 3705
2024-12-15 23:44:51,618 ERROR auto_assemble_thucthicaulenh(1117) Zhuangzi1 pf 2310 3706
2024-12-15 23:44:51,835 ERROR auto_assemble_thucthicaulenh(1117) Zhuangzi2 pf 2310 3705
2024-12-15 23:44:51,895 ERROR auto_assemble_thucthicaulenh(1117) Zhuangzi1 pf 2310 3706
2024-12-15 23:44:52,125 ERROR auto_assemble_thucthicaulenh(1117) Zhuangzi2 pf 2310 3705
2024-12-15 23:44:52,181 ERROR auto_assemble_thucthicaulenh(1117) Zhuangzi1 pf 2310 3706
2024-12-15 23:44:52,425 ERROR auto_assemble_thucthicaulenh(1117) Zhuangzi2 pf 2310 3705
2024-12-15 23:44:52,475 ERROR auto_assemble_thucthicaulenh(1117) Zhuangzi1 pf 2310 3706
2024-12-15 23:44:52,699 ERROR auto_assemble_thucthicaulenh(1117) Zhuangzi2 pf 2310 3705
2024-12-15 23:44:52,751 ERROR auto_assemble_thucthicaulenh(1117) Zhuangzi1 pf 2310 3706
2024-12-15 23:44:52,972 ERROR auto_assemble_thucthicaulenh(1117) Zhuangzi2 pf 2310 3705
2024-12-15 23:44:53,033 ERROR auto_assemble_thucthicaulenh(1117) Zhuangzi1 pf 2310 3706
2024-12-15 23:44:53,253 ERROR auto_assemble_thucthicaulenh(1117) Zhuangzi2 pf 2310 3705
2024-12-15 23:44:53,309 ERROR auto_assemble_thucthicaulenh(1117) Zhuangzi1 pf 2310 3706
2024-12-15 23:44:53,531 ERROR auto_assemble_thucthicaulenh(1117) Zhuangzi2 pf 2310 3705
2024-12-15 23:44:53,589 ERROR auto_assemble_thucthicaulenh(1117) Zhuangzi1 pf 2310 3706
2024-12-15 23:44:53,806 ERROR auto_assemble_thucthicaulenh(1117) Zhuangzi2 pf 2310 3705
2024-12-15 23:44:53,828 ERROR auto_assemble_dichuyen(1216) Zhuangzi2: auto_assemble_dichuyen: 518 333
2024-12-15 23:44:53,866 ERROR auto_assemble_thucthicaulenh(1117) Zhuangzi1 pf 2310 3706
2024-12-15 23:44:54,164 ERROR auto_assemble_thucthicaulenh(1117) Zhuangzi1 pf 2310 3706
2024-12-15 23:44:54,441 ERROR auto_assemble_thucthicaulenh(1117) Zhuangzi1 pf 2310 3706
2024-12-15 23:44:54,459 ERROR auto_assemble_thucthicaulenh(1117) Zhuangzi2 pf 2310 3705
2024-12-15 23:44:54,730 ERROR auto_assemble_thucthicaulenh(1117) Zhuangzi1 pf 2310 3706
2024-12-15 23:44:54,731 ERROR auto_assemble_thucthicaulenh(1117) Zhuangzi2 pf 2310 3705
2024-12-15 23:44:55,008 ERROR auto_assemble_thucthicaulenh(1117) Zhuangzi2 pf 2310 3705
2024-12-15 23:44:55,012 ERROR auto_assemble_thucthicaulenh(1117) Zhuangzi1 pf 2310 3706
2024-12-15 23:44:55,296 ERROR auto_assemble_thucthicaulenh(1117) Zhuangzi2 pf 2310 3705
2024-12-15 23:44:55,307 ERROR auto_assemble_thucthicaulenh(1117) Zhuangzi1 pf 2310 3706
2024-12-15 23:44:55,587 ERROR auto_assemble_thucthicaulenh(1117) Zhuangzi2 pf 2310 3705
2024-12-15 23:44:55,588 ERROR auto_assemble_thucthicaulenh(1117) Zhuangzi1 pf 2310 3706
2024-12-15 23:44:55,863 ERROR auto_assemble_thucthicaulenh(1117) Zhuangzi1 pf 2310 3706
2024-12-15 23:44:55,874 ERROR auto_assemble_thucthicaulenh(1117) Zhuangzi2 pf 2310 3705
2024-12-15 23:44:56,150 ERROR auto_assemble_thucthicaulenh(1117) Zhuangzi1 pf 2310 3706
2024-12-15 23:44:56,163 ERROR auto_assemble_thucthicaulenh(1117) Zhuangzi2 pf 2310 3705
2024-12-15 23:44:56,424 ERROR auto_assemble_thucthicaulenh(1117) Zhuangzi1 pf 2310 3706
2024-12-15 23:44:56,442 ERROR auto_assemble_thucthicaulenh(1117) Zhuangzi2 pf 2310 3705
2024-12-15 23:44:56,703 ERROR auto_assemble_thucthicaulenh(1117) Zhuangzi1 pf 2310 3706
2024-12-15 23:44:56,722 ERROR auto_assemble_thucthicaulenh(1117) Zhuangzi2 pf 2310 3705
2024-12-15 23:44:56,981 ERROR auto_assemble_thucthicaulenh(1117) Zhuangzi1 pf 2310 3706
2024-12-15 23:44:56,998 ERROR auto_assemble_thucthicaulenh(1117) Zhuangzi2 pf 2310 3705
2024-12-15 23:44:57,254 ERROR auto_assemble_thucthicaulenh(1117) Zhuangzi1 pf 2310 3706
2024-12-15 23:44:57,272 ERROR auto_assemble_thucthicaulenh(1117) Zhuangzi2 pf 2310 3705
2024-12-15 23:44:57,527 ERROR auto_assemble_thucthicaulenh(1117) Zhuangzi1 pf 2310 3706
2024-12-15 23:44:57,554 ERROR auto_assemble_thucthicaulenh(1117) Zhuangzi2 pf 2310 3705
2024-12-15 23:44:57,823 ERROR auto_assemble_thucthicaulenh(1117) Zhuangzi1 pf 2310 3706
2024-12-15 23:44:57,845 ERROR auto_assemble_thucthicaulenh(1117) Zhuangzi2 pf 2310 3705
2024-12-15 23:44:58,110 ERROR auto_assemble_thucthicaulenh(1117) Zhuangzi1 pf 2310 3706
2024-12-15 23:44:58,121 ERROR auto_assemble_thucthicaulenh(1117) Zhuangzi2 pf 2310 3705
2024-12-15 23:44:58,390 ERROR auto_assemble_thucthicaulenh(1117) Zhuangzi1 pf 2310 3706
2024-12-15 23:44:58,412 ERROR auto_assemble_thucthicaulenh(1117) Zhuangzi2 pf 2310 3705
2024-12-15 23:44:58,666 ERROR auto_assemble_thucthicaulenh(1117) Zhuangzi1 pf 2310 3706
2024-12-15 23:44:58,688 ERROR auto_assemble_thucthicaulenh(1117) Zhuangzi2 pf 2310 3705
2024-12-15 23:44:58,960 ERROR auto_assemble_thucthicaulenh(1117) Zhuangzi1 pf 2310 3706
2024-12-15 23:44:58,981 ERROR auto_assemble_thucthicaulenh(1117) Zhuangzi2 pf 2310 3705
2024-12-15 23:44:59,252 ERROR auto_assemble_thucthicaulenh(1117) Zhuangzi1 pf 2310 3706
2024-12-15 23:44:59,276 ERROR auto_assemble_thucthicaulenh(1117) Zhuangzi2 pf 2310 3705
2024-12-15 23:44:59,527 ERROR auto_assemble_thucthicaulenh(1117) Zhuangzi1 pf 2310 3706
2024-12-15 23:44:59,561 ERROR auto_assemble_thucthicaulenh(1117) Zhuangzi2 pf 2310 3705
2024-12-15 23:44:59,814 ERROR auto_assemble_thucthicaulenh(1117) Zhuangzi1 pf 2310 3706
2024-12-15 23:44:59,853 ERROR auto_assemble_thucthicaulenh(1117) Zhuangzi2 pf 2310 3705
2024-12-15 23:45:00,111 ERROR auto_assemble_thucthicaulenh(1117) Zhuangzi1 pf 2310 3706
2024-12-15 23:45:00,360 ERROR auto_assemble_dichuyen(1216) Zhuangzi1: auto_assemble_dichuyen: 385 300
2024-12-15 23:45:00,717 ERROR auto_assemble_thucthicaulenh(1117) Zhuangzi1 pf 2310 3706
2024-12-15 23:45:00,996 ERROR auto_assemble_thucthicaulenh(1117) Zhuangzi1 pf 2310 3706
2024-12-15 23:45:01,290 ERROR auto_assemble_thucthicaulenh(1117) Zhuangzi1 pf 2310 3706
2024-12-15 23:45:01,580 ERROR auto_assemble_thucthicaulenh(1117) Zhuangzi1 pf 2310 3706
2024-12-15 23:45:01,865 ERROR auto_assemble_thucthicaulenh(1117) Zhuangzi1 pf 2310 3706
2024-12-15 23:45:02,051 ERROR auto_assemble_dichuyen(1216) Zhuangzi1: auto_assemble_dichuyen: 207 300
2024-12-15 23:45:02,155 ERROR auto_assemble_thucthicaulenh(1117) Zhuangzi1 pf 2214 3706
2024-12-15 23:45:02,431 ERROR auto_assemble_thucthicaulenh(1117) Zhuangzi1 pf 2214 3706
2024-12-15 23:45:02,703 ERROR auto_assemble_thucthicaulenh(1117) Zhuangzi1 pf 2214 3706
2024-12-15 23:45:02,976 ERROR auto_assemble_thucthicaulenh(1117) Zhuangzi1 pf 2214 3706
2024-12-15 23:45:03,257 ERROR auto_assemble_thucthicaulenh(1117) Zhuangzi1 pf 2214 3706
2024-12-15 23:45:03,559 ERROR auto_assemble_thucthicaulenh(1117) Zhuangzi1 pf 2214 3706
2024-12-15 23:45:03,602 ERROR auto_assemble_dichuyen(1216) Zhuangzi1: auto_assemble_dichuyen: 296 366
2024-12-15 23:45:03,846 ERROR auto_assemble_thucthicaulenh(1117) Zhuangzi1 pf 2214 3706
2024-12-15 23:45:04,140 ERROR auto_assemble_thucthicaulenh(1117) Zhuangzi1 pf 2214 3706
2024-12-15 23:45:04,416 ERROR auto_assemble_thucthicaulenh(1117) Zhuangzi1 pf 2214 3706
2024-12-15 23:45:04,630 ERROR auto_assemble_dichuyen(1216) Zhuangzi1: auto_assemble_dichuyen: 296 366
2024-12-15 23:45:04,698 ERROR auto_assemble_thucthicaulenh(1117) Zhuangzi1 pf 2214 3706
2024-12-15 23:45:04,972 ERROR auto_assemble_thucthicaulenh(1117) Zhuangzi1 pf 2214 3706
2024-12-15 23:45:05,249 ERROR auto_assemble_thucthicaulenh(1117) Zhuangzi2 pf 2310 3705
2024-12-15 23:45:05,825 ERROR auto_assemble_dichuyen(1216) Zhuangzi2: auto_assemble_dichuyen: 518 233
2024-12-15 23:45:06,640 ERROR auto_assemble_thucthicaulenh(1117) Zhuangzi2 pf 2214 3705
2024-12-15 23:45:07,716 ERROR auto_assemble_thucthicaulenh(1117) Zhuangzi1 pf 2310 3706
2024-12-15 23:45:08,009 ERROR auto_assemble_thucthicaulenh(1117) Zhuangzi1 pf 2310 3706
2024-12-15 23:45:08,021 ERROR auto_assemble_thucthicaulenh(1117) Zhuangzi2 pf 2310 3705
2024-12-15 23:45:08,284 ERROR auto_assemble_thucthicaulenh(1117) Zhuangzi1 pf 2310 3706
2024-12-15 23:45:08,566 ERROR auto_assemble_thucthicaulenh(1117) Zhuangzi1 pf 2310 3706
2024-12-15 23:45:08,856 ERROR auto_assemble_thucthicaulenh(1117) Zhuangzi1 pf 2310 3706
2024-12-15 23:45:09,129 ERROR auto_assemble_thucthicaulenh(1117) Zhuangzi1 pf 2310 3706
2024-12-15 23:45:09,361 ERROR auto_assemble_thucthicaulenh(1117) Zhuangzi2 pf 2310 3705
2024-12-15 23:45:09,416 ERROR auto_assemble_thucthicaulenh(1117) Zhuangzi1 pf 2310 3706
2024-12-15 23:45:09,698 ERROR auto_assemble_thucthicaulenh(1117) Zhuangzi1 pf 2310 3706
2024-12-15 23:45:09,998 ERROR auto_assemble_thucthicaulenh(1117) Zhuangzi1 pf 2310 3706
2024-12-15 23:45:10,261 ERROR auto_assemble_thucthicaulenh(1117) Zhuangzi1 pf 3254
2024-12-15 23:45:10,541 ERROR auto_assemble_thucthicaulenh(1117) Zhuangzi1 pf 3254
2024-12-15 23:45:10,732 ERROR auto_assemble_thucthicaulenh(1117) Zhuangzi2 pf 2310 3705
2024-12-15 23:45:10,832 ERROR auto_assemble_thucthicaulenh(1117) Zhuangzi1 pf 3254
2024-12-15 23:45:11,092 ERROR auto_assemble_thucthicaulenh(1117) Zhuangzi1 pf 2310 3706
2024-12-15 23:45:11,382 ERROR auto_assemble_thucthicaulenh(1117) Zhuangzi1 pf 2310 3706
2024-12-15 23:45:11,675 ERROR auto_assemble_thucthicaulenh(1117) Zhuangzi1 pf 2310 3706
2024-12-15 23:45:12,127 ERROR auto_assemble_thucthicaulenh(1117) Zhuangzi2 pf 2310 3705
2024-12-15 23:45:13,059 ERROR auto_assemble_thucthicaulenh(1117) Zhuangzi1 pf 2310 3706
2024-12-15 23:45:13,454 ERROR auto_assemble_thucthicaulenh(1117) Zhuangzi2 pf 2310 3705
2024-12-15 23:45:14,428 ERROR auto_assemble_thucthicaulenh(1117) Zhuangzi1 pf 2310 3706
2024-12-15 23:45:14,768 ERROR auto_assemble_thucthicaulenh(1117) Zhuangzi2 pf 2310 3705
2024-12-15 23:45:15,785 ERROR auto_assemble_thucthicaulenh(1117) Zhuangzi1 pf 2310 3706
2024-12-15 23:45:16,043 ERROR auto_assemble_thucthicaulenh(1117) Zhuangzi2 pf 2310 3705
2024-12-15 23:45:17,165 ERROR auto_assemble_thucthicaulenh(1117) Zhuangzi1 pf 2310 3706
2024-12-15 23:45:17,381 ERROR auto_assemble_thucthicaulenh(1117) Zhuangzi2 pf 2310 3705
2024-12-15 23:45:18,522 ERROR auto_assemble_thucthicaulenh(1117) Zhuangzi1 pf 2310 3706
2024-12-15 23:45:18,754 ERROR auto_assemble_thucthicaulenh(1117) Zhuangzi2 pf 2310 3705
2024-12-15 23:45:18,845 ERROR auto_assemble_thucthicaulenh(1117) Zhuangzi1 pf 2310 3706
2024-12-15 23:45:20,119 ERROR auto_assemble_thucthicaulenh(1117) Zhuangzi2 pf 2310 3705
2024-12-15 23:45:20,239 ERROR auto_assemble_thucthicaulenh(1117) Zhuangzi1 pf 2310 3706
2024-12-15 23:45:21,493 ERROR auto_assemble_thucthicaulenh(1117) Zhuangzi2 pf 2310 3705
2024-12-15 23:45:21,608 ERROR auto_assemble_thucthicaulenh(1117) Zhuangzi1 pf 2310 3706
2024-12-15 23:45:22,805 ERROR auto_assemble_thucthicaulenh(1117) Zhuangzi2 pf 2310 3705
2024-12-15 23:45:22,951 ERROR auto_assemble_thucthicaulenh(1117) Zhuangzi1 pf 2310 3706
2024-12-15 23:45:23,655 ERROR auto_assemble_thucthicaulenh(1117) Zhuangzi2 pf 3254
2024-12-15 23:45:24,207 ERROR auto_assemble_thucthicaulenh(1117) Zhuangzi2 pf 2310 3705
2024-12-15 23:45:24,347 ERROR auto_assemble_thucthicaulenh(1117) Zhuangzi1 pf 2310 3706
2024-12-15 23:45:24,478 ERROR auto_assemble_thucthicaulenh(1117) Zhuangzi2 pf 2310 3705
2024-12-15 23:45:24,753 ERROR auto_assemble_thucthicaulenh(1117) Zhuangzi2 pf 2310 3705
2024-12-15 23:45:25,029 ERROR auto_assemble_thucthicaulenh(1117) Zhuangzi2 pf 2310 3705
2024-12-15 23:45:25,314 ERROR auto_assemble_thucthicaulenh(1117) Zhuangzi2 pf 2310 3705
2024-12-15 23:45:25,594 ERROR auto_assemble_thucthicaulenh(1117) Zhuangzi2 pf 2310 3705
2024-12-15 23:45:25,876 ERROR auto_assemble_thucthicaulenh(1117) Zhuangzi2 pf 2310 3705
2024-12-15 23:45:26,005 ERROR auto_assemble_thucthicaulenh(1117) Zhuangzi1 use ce2c#
2024-12-15 23:45:26,165 ERROR auto_assemble_thucthicaulenh(1117) Zhuangzi2 pf 2310 3705
2024-12-15 23:45:26,455 ERROR auto_assemble_thucthicaulenh(1117) Zhuangzi2 pf 2310 3705
2024-12-15 23:45:26,734 ERROR auto_assemble_thucthicaulenh(1117) Zhuangzi2 pf 2310 3705
2024-12-15 23:45:27,009 ERROR auto_assemble_thucthicaulenh(1117) Zhuangzi2 pf 2310 3705
2024-12-15 23:45:27,013 ERROR auto_assemble_thucthicaulenh(1117) Zhuangzi1 use ce2c#
2024-12-15 23:45:27,051 ERROR auto_assemble_dichuyen(1216) Zhuangzi2: auto_assemble_dichuyen: 696 300
2024-12-15 23:45:27,279 ERROR auto_assemble_thucthicaulenh(1117) Zhuangzi2 pf 2214 3705
2024-12-15 23:45:27,560 ERROR auto_assemble_thucthicaulenh(1117) Zhuangzi2 pf 2214 3705
2024-12-15 23:45:27,833 ERROR auto_assemble_thucthicaulenh(1117) Zhuangzi2 pf 2214 3705
2024-12-15 23:45:28,026 ERROR auto_assemble_thucthicaulenh(1117) Zhuangzi1 use ce2c#
2024-12-15 23:45:28,282 ERROR auto_assemble_thucthicaulenh(1117) Zhuangzi1 pf 2310 3706
2024-12-15 23:45:28,556 ERROR auto_assemble_thucthicaulenh(1117) Zhuangzi1 pf 2310 3706
2024-12-15 23:45:28,828 ERROR auto_assemble_thucthicaulenh(1117) Zhuangzi1 pf 2310 3706
2024-12-15 23:45:29,106 ERROR auto_assemble_thucthicaulenh(1117) Zhuangzi1 pf 2310 3706
2024-12-15 23:45:29,380 ERROR auto_assemble_thucthicaulenh(1117) Zhuangzi1 pf 2310 3706
2024-12-15 23:45:29,657 ERROR auto_assemble_thucthicaulenh(1117) Zhuangzi1 pf 2310 3706
2024-12-15 23:45:29,784 ERROR auto_assemble_thucthicaulenh(1117) Zhuangzi2 pf 2310 3705
2024-12-15 23:45:29,934 ERROR auto_assemble_thucthicaulenh(1117) Zhuangzi1 pf 2310 3706
2024-12-15 23:45:31,161 ERROR auto_assemble_thucthicaulenh(1117) Zhuangzi2 pf 3252 3706
2024-12-15 23:45:31,883 ERROR auto_assemble_thucthicaulenh(1117) Zhuangzi1 pf 3252 3705
2024-12-15 23:45:33,253 ERROR auto_assemble_thucthicaulenh(1117) Zhuangzi1 pet d122# show
2024-12-15 23:45:34,016 ERROR auto_assemble_thucthicaulenh(1117) Zhuangzi1 pet d122# 3
2024-12-15 23:45:34,283 ERROR auto_assemble_thucthicaulenh(1117) Zhuangzi1 pf 2222
2024-12-15 23:45:34,366 ERROR auto_assemble_thucthicaulenh(1117) Zhuangzi2 pf 3252 3706
2024-12-15 23:45:37,528 ERROR auto_assemble_thucthicaulenh(1117) Zhuangzi2 pf 3252 3706
2024-12-15 23:45:38,107 ERROR auto_assemble_thucthicaulenh(1117) Zhuangzi1 pet d122# 3
2024-12-15 23:45:38,364 ERROR auto_assemble_thucthicaulenh(1117) Zhuangzi1 pf 3252 3705
2024-12-15 23:45:40,132 ERROR auto_assemble_thucthicaulenh(1117) Zhuangzi1 pet d122# 3
2024-12-15 23:45:40,703 ERROR auto_assemble_thucthicaulenh(1117) Zhuangzi2 pf 3252 3706
2024-12-15 23:45:41,520 ERROR auto_assemble_thucthicaulenh(1117) Zhuangzi1 pf 3252 3705
2024-12-15 23:45:42,137 ERROR auto_assemble_thucthicaulenh(1117) Zhuangzi1 pet d122# 3
2024-12-15 23:45:44,147 ERROR auto_assemble_thucthicaulenh(1117) Zhuangzi1 pet d122# 3
2024-12-15 23:45:44,697 ERROR auto_assemble_thucthicaulenh(1117) Zhuangzi1 pf 3252 3705
2024-12-15 23:45:46,150 ERROR auto_assemble_thucthicaulenh(1117) Zhuangzi1 pet d122# 3
2024-12-15 23:45:47,965 ERROR auto_assemble_thucthicaulenh(1117) Zhuangzi1 pf 3252 3705
2024-12-15 23:45:48,238 ERROR auto_assemble_thucthicaulenh(1117) Zhuangzi1 pf 3252 3705
2024-12-15 23:45:48,513 ERROR auto_assemble_thucthicaulenh(1117) Zhuangzi1 pf 3252 3705
2024-12-15 23:45:48,789 ERROR auto_assemble_thucthicaulenh(1117) Zhuangzi1 pf 3252 3705
2024-12-15 23:45:50,162 ERROR auto_assemble_thucthicaulenh(1117) Zhuangzi1 pet d122# 3
2024-12-15 23:45:51,989 ERROR auto_assemble_thucthicaulenh(1117) Zhuangzi1 pf 3252 3705
2024-12-15 23:45:54,184 ERROR auto_assemble_thucthicaulenh(1117) Zhuangzi1 pet d122# 3
2024-12-15 23:45:55,174 ERROR auto_assemble_thucthicaulenh(1117) Zhuangzi1 pf 3252 3705
2024-12-15 23:45:56,189 ERROR auto_assemble_thucthicaulenh(1117) Zhuangzi1 pet d122# 3
2024-12-15 23:45:58,192 ERROR auto_assemble_thucthicaulenh(1117) Zhuangzi1 pet d122# 3
2024-12-15 23:45:58,458 ERROR auto_assemble_thucthicaulenh(1117) Zhuangzi1 pf 3252 3705
2024-12-15 23:45:59,460 ERROR auto_assemble_thucthicaulenh(1117) Zhuangzi2 pf 3252 3706
2024-12-15 23:46:00,237 ERROR auto_assemble_thucthicaulenh(1117) Zhuangzi1 pet d122# 3
2024-12-15 23:46:01,696 ERROR auto_assemble_thucthicaulenh(1117) Zhuangzi1 pf 3252 3705
2024-12-15 23:46:02,251 ERROR auto_assemble_thucthicaulenh(1117) Zhuangzi1 pet d122# 3
2024-12-15 23:46:04,281 ERROR auto_assemble_thucthicaulenh(1117) Zhuangzi1 pet d122# 3
2024-12-15 23:46:06,288 ERROR auto_assemble_thucthicaulenh(1117) Zhuangzi1 pet d122# 3
2024-12-15 23:46:08,302 ERROR auto_assemble_thucthicaulenh(1117) Zhuangzi1 pet d122# 3
2024-12-15 23:46:10,319 ERROR auto_assemble_thucthicaulenh(1117) Zhuangzi1 pet d122# 3
2024-12-15 23:46:12,463 ERROR auto_assemble_dichuyen(1216) Zhuangzi2: auto_assemble_dichuyen: 385 266
2024-12-15 23:46:12,526 ERROR auto_assemble_dichuyen(1216) Zhuangzi1: auto_assemble_dichuyen: 474 333
2024-12-15 23:46:12,804 ERROR auto_assemble_thucthicaulenh(1117) Zhuangzi2 pf 2310 3705
2024-12-15 23:46:12,861 ERROR auto_assemble_thucthicaulenh(1117) Zhuangzi1 pf 2310 3706
2024-12-15 23:46:13,747 ERROR auto_assemble_thucthicaulenh(1117) Zhuangzi2 pf 3254
2024-12-15 23:46:14,106 ERROR auto_assemble_thucthicaulenh(1117) Zhuangzi2 pf 2310 3705
2024-12-15 23:46:14,247 ERROR auto_assemble_thucthicaulenh(1117) Zhuangzi1 pf 2310 3706
2024-12-15 23:46:14,395 ERROR auto_assemble_thucthicaulenh(1117) Zhuangzi2 pf 2310 3705
2024-12-15 23:46:14,679 ERROR auto_assemble_thucthicaulenh(1117) Zhuangzi2 pf 2310 3705
2024-12-15 23:46:15,634 ERROR auto_assemble_thucthicaulenh(1117) Zhuangzi1 pf 2310 3706
2024-12-15 23:46:16,097 ERROR auto_assemble_thucthicaulenh(1117) Zhuangzi2 pf 2310 3705
2024-12-15 23:46:16,750 ERROR auto_assemble_thucthicaulenh(1117) Zhuangzi1 pf 3254
2024-12-15 23:46:17,017 ERROR auto_assemble_thucthicaulenh(1117) Zhuangzi1 pf 2310 3706
2024-12-15 23:46:17,297 ERROR auto_assemble_thucthicaulenh(1117) Zhuangzi1 pf 2310 3706
2024-12-15 23:46:17,457 ERROR auto_assemble_thucthicaulenh(1117) Zhuangzi2 pf 2310 3705
2024-12-15 23:46:17,608 ERROR auto_assemble_thucthicaulenh(1117) Zhuangzi1 pf 2310 3706
2024-12-15 23:46:18,811 ERROR auto_assemble_thucthicaulenh(1117) Zhuangzi2 pf 2310 3705
2024-12-15 23:46:18,968 ERROR auto_assemble_thucthicaulenh(1117) Zhuangzi1 pf 2310 3706
2024-12-15 23:46:20,224 ERROR auto_assemble_thucthicaulenh(1117) Zhuangzi2 pf 2310 3705
2024-12-15 23:46:20,337 ERROR auto_assemble_thucthicaulenh(1117) Zhuangzi1 pf 2310 3706
2024-12-15 23:46:21,596 ERROR auto_assemble_thucthicaulenh(1117) Zhuangzi2 pf 2310 3705
2024-12-15 23:46:21,725 ERROR auto_assemble_thucthicaulenh(1117) Zhuangzi1 pf 2310 3706
2024-12-15 23:46:21,879 ERROR auto_assemble_thucthicaulenh(1117) Zhuangzi2 pf 2310 3705
2024-12-15 23:46:23,089 ERROR auto_assemble_thucthicaulenh(1117) Zhuangzi1 pf 2310 3706
2024-12-15 23:46:23,269 ERROR auto_assemble_thucthicaulenh(1117) Zhuangzi2 pf 2310 3705
2024-12-15 23:46:24,385 ERROR auto_assemble_thucthicaulenh(1117) Zhuangzi1 pf 2310 3706
2024-12-15 23:46:24,672 ERROR auto_assemble_thucthicaulenh(1117) Zhuangzi2 pf 2310 3705
2024-12-15 23:46:25,770 ERROR auto_assemble_thucthicaulenh(1117) Zhuangzi1 pf 2310 3706
2024-12-15 23:46:26,085 ERROR auto_assemble_thucthicaulenh(1117) Zhuangzi2 pf 2310 3705
2024-12-15 23:46:26,375 ERROR auto_assemble_thucthicaulenh(1117) Zhuangzi2 pf 2310 3705
2024-12-15 23:46:26,663 ERROR auto_assemble_thucthicaulenh(1117) Zhuangzi2 pf 2310 3705
2024-12-15 23:46:27,108 ERROR auto_assemble_thucthicaulenh(1117) Zhuangzi1 pf 2310 3706
2024-12-15 23:46:28,004 ERROR auto_assemble_thucthicaulenh(1117) Zhuangzi2 pf 2310 3705
2024-12-15 23:46:28,502 ERROR auto_assemble_thucthicaulenh(1117) Zhuangzi1 pf 2310 3706
2024-12-15 23:46:28,854 ERROR auto_assemble_thucthicaulenh(1117) Zhuangzi2 use b99d#
2024-12-15 23:46:29,387 ERROR auto_assemble_thucthicaulenh(1117) Zhuangzi2 pf 2310 3705
2024-12-15 23:46:29,858 ERROR auto_assemble_thucthicaulenh(1117) Zhuangzi2 use b99d#
2024-12-15 23:46:29,919 ERROR auto_assemble_thucthicaulenh(1117) Zhuangzi1 pf 2310 3706
2024-12-15 23:46:30,174 ERROR auto_assemble_thucthicaulenh(1117) Zhuangzi1 pf 2314 3706
2024-12-15 23:46:31,320 ERROR auto_assemble_thucthicaulenh(1117) Zhuangzi1 pf 3252 3705
2024-12-15 23:46:32,109 ERROR auto_assemble_thucthicaulenh(1117) Zhuangzi2 pet b9d3# show
2024-12-15 23:46:34,421 ERROR auto_assemble_thucthicaulenh(1117) Zhuangzi1 pf 3252 3705
2024-12-15 23:46:37,621 ERROR auto_assemble_thucthicaulenh(1117) Zhuangzi1 pf 3252 3705
2024-12-15 23:46:40,801 ERROR auto_assemble_thucthicaulenh(1117) Zhuangzi1 pf 3252 3705
2024-12-15 23:46:44,011 ERROR auto_assemble_thucthicaulenh(1117) Zhuangzi1 pf 3252 3705
2024-12-15 23:46:47,223 ERROR auto_assemble_thucthicaulenh(1117) Zhuangzi1 pf 3252 3705
2024-12-15 23:46:50,405 ERROR auto_assemble_thucthicaulenh(1117) Zhuangzi1 pf 3252 3705
2024-12-15 23:46:53,626 ERROR auto_assemble_thucthicaulenh(1117) Zhuangzi1 pf 3252 3705
2024-12-15 23:46:56,781 ERROR auto_assemble_thucthicaulenh(1117) Zhuangzi1 pf 3252 3705
2024-12-15 23:46:59,937 ERROR auto_assemble_thucthicaulenh(1117) Zhuangzi1 pf 3252 3705
2024-12-15 23:47:42,578 ERROR auto_assemble_thucthicaulenh(1117) Zhuangzi2 pf 3252 3706
2024-12-15 23:47:43,096 ERROR auto_assemble_thucthicaulenh(1117) Zhuangzi2 use d2d3#
2024-12-15 23:47:43,180 ERROR auto_assemble_thucthicaulenh(1117) Zhuangzi1 use ce32#
2024-12-15 23:47:43,933 ERROR auto_assemble_thucthicaulenh(1117) Zhuangzi2 pet d2ea# show
2024-12-15 23:47:45,298 ERROR auto_assemble_thucthicaulenh(1117) Zhuangzi2 pf 2222
2024-12-15 23:47:47,069 ERROR auto_assemble_thucthicaulenh(1117) Zhuangzi2 set !attack 3
2024-12-15 23:47:49,119 ERROR auto_assemble_thucthicaulenh(1117) Zhuangzi2 pet d2ea# 3
2024-12-15 23:47:49,390 ERROR auto_assemble_thucthicaulenh(1117) Zhuangzi2 pf 3252 3706
2024-12-15 23:47:55,048 ERROR auto_assemble_thucthicaulenh(1117) Zhuangzi2 pf 3252 3706
2024-12-15 23:47:58,243 ERROR auto_assemble_thucthicaulenh(1117) Zhuangzi2 pf 3252 3706
2024-12-15 23:47:58,525 ERROR auto_assemble_thucthicaulenh(1117) Zhuangzi2 pf 3252 3706
2024-12-15 23:47:58,810 ERROR auto_assemble_thucthicaulenh(1117) Zhuangzi2 pf 3252 3706
2024-12-15 23:48:02,119 ERROR auto_assemble_thucthicaulenh(1117) Zhuangzi2 pf 3252 3706
2024-12-15 23:48:02,393 ERROR auto_assemble_thucthicaulenh(1117) Zhuangzi2 pf 3252 3706
2024-12-15 23:48:02,670 ERROR auto_assemble_thucthicaulenh(1117) Zhuangzi2 pf 3252 3706
2024-12-15 23:48:02,955 ERROR auto_assemble_thucthicaulenh(1117) Zhuangzi2 pf 3252 3706
2024-12-15 23:48:03,231 ERROR auto_assemble_thucthicaulenh(1117) Zhuangzi2 pf 3252 3706
2024-12-15 23:48:03,514 ERROR auto_assemble_thucthicaulenh(1117) Zhuangzi2 pf 3252 3706
2024-12-15 23:48:03,788 ERROR auto_assemble_thucthicaulenh(1117) Zhuangzi2 pf 3252 3706
2024-12-15 23:48:04,064 ERROR auto_assemble_thucthicaulenh(1117) Zhuangzi2 pf 3252 3706
2024-12-15 23:48:04,359 ERROR auto_assemble_thucthicaulenh(1117) Zhuangzi2 pf 3252 3706
2024-12-15 23:48:04,640 ERROR auto_assemble_thucthicaulenh(1117) Zhuangzi2 pf 3252 3706
2024-12-15 23:48:07,815 ERROR auto_assemble_thucthicaulenh(1117) Zhuangzi2 pf 3252 3706
2024-12-15 23:48:09,174 ERROR auto_assemble_thucthicaulenh(1117) Zhuangzi1 pf 3252 3705
2024-12-15 23:48:09,464 ERROR auto_assemble_thucthicaulenh(1117) Zhuangzi1 pf 3252 3705
2024-12-15 23:48:11,079 ERROR auto_assemble_thucthicaulenh(1117) Zhuangzi2 pf 3252 3706
2024-12-15 23:48:11,357 ERROR auto_assemble_thucthicaulenh(1117) Zhuangzi2 pf 3252 3706
2024-12-15 23:48:11,638 ERROR auto_assemble_thucthicaulenh(1117) Zhuangzi2 pf 3252 3706
2024-12-15 23:48:14,559 ERROR auto_assemble_thucthicaulenh(1117) Zhuangzi1 pf 3252 3705
2024-12-15 23:48:14,863 ERROR auto_assemble_thucthicaulenh(1117) Zhuangzi2 pf 3252 3706
2024-12-15 23:48:18,189 ERROR auto_assemble_thucthicaulenh(1117) Zhuangzi2 pf 3252 3706
2024-12-15 23:48:18,477 ERROR auto_assemble_thucthicaulenh(1117) Zhuangzi2 pf 3252 3706
2024-12-15 23:48:18,759 ERROR auto_assemble_thucthicaulenh(1117) Zhuangzi2 pf 3252 3706
2024-12-15 23:48:22,554 ERROR auto_assemble_thucthicaulenh(1117) Zhuangzi2 pf 3252 3706
2024-12-15 23:48:25,737 ERROR auto_assemble_thucthicaulenh(1117) Zhuangzi2 pf 3252 3706
2024-12-15 23:48:26,485 ERROR auto_assemble_thucthicaulenh(1117) Zhuangzi2 pf 3252 3706
2024-12-15 23:48:26,765 ERROR auto_assemble_thucthicaulenh(1117) Zhuangzi2 pf 3252 3706
2024-12-15 23:48:27,043 ERROR auto_assemble_thucthicaulenh(1117) Zhuangzi2 pf 3252 3706
2024-12-15 23:48:27,435 ERROR auto_assemble_thucthicaulenh(1117) Zhuangzi2 pf 3252 3706
2024-12-15 23:48:27,714 ERROR auto_assemble_thucthicaulenh(1117) Zhuangzi2 pf 3252 3706
2024-12-15 23:48:33,726 ERROR auto_assemble_thucthicaulenh(1117) Zhuangzi1 pf 3252 3705
2024-12-15 23:48:37,697 ERROR auto_assemble_thucthicaulenh(1117) Zhuangzi1 pf 3252 3705
2024-12-15 23:48:45,111 ERROR auto_assemble_thucthicaulenh(1117) Zhuangzi1 pf 3252 3705
2024-12-15 23:48:54,722 ERROR auto_assemble_thucthicaulenh(1117) Zhuangzi1 pf 3252 3705
2024-12-15 23:49:01,099 ERROR auto_assemble_thucthicaulenh(1117) Zhuangzi1 pf 3252 3705
2024-12-15 23:49:08,500 ERROR auto_assemble_thucthicaulenh(1117) Zhuangzi1 pf 3252 3705
2024-12-15 23:49:11,740 ERROR auto_assemble_thucthicaulenh(1117) Zhuangzi1 pf 3252 3705
2024-12-15 23:49:14,970 ERROR auto_assemble_thucthicaulenh(1117) Zhuangzi1 pf 3252 3705
2024-12-15 23:49:19,146 ERROR auto_assemble_thucthicaulenh(1117) Zhuangzi1 pf 3252 3705
2024-12-15 23:49:24,232 ERROR auto_assemble_thucthicaulenh(1117) Zhuangzi1 pf 3252 3705
2024-12-15 23:49:43,256 ERROR auto_assemble_thucthicaulenh(1117) Zhuangzi1 pf 3252 3705
2024-12-15 23:49:47,728 ERROR auto_assemble_thucthicaulenh(1117) Zhuangzi1 pf 3252 3705
2024-12-15 23:49:58,572 ERROR auto_assemble_thucthicaulenh(1117) Zhuangzi2 use d2d3#
2024-12-15 23:49:58,843 ERROR auto_assemble_thucthicaulenh(1117) Zhuangzi2 pf 2310 3705
2024-12-15 23:49:59,107 ERROR auto_assemble_thucthicaulenh(1117) Zhuangzi2 pf 2316
2024-12-15 23:49:59,366 ERROR auto_assemble_thucthicaulenh(1117) Zhuangzi1 use ce32#
2024-12-15 23:49:59,390 ERROR auto_assemble_thucthicaulenh(1117) Zhuangzi2 pf 2316
2024-12-15 23:49:59,643 ERROR auto_assemble_thucthicaulenh(1117) Zhuangzi1 pf 3254
2024-12-15 23:49:59,666 ERROR auto_assemble_thucthicaulenh(1117) Zhuangzi2 pf 2316
2024-12-15 23:49:59,900 ERROR auto_assemble_thucthicaulenh(1117) Zhuangzi1 pf 2310 3706
2024-12-15 23:49:59,932 ERROR auto_assemble_thucthicaulenh(1117) Zhuangzi2 pf 2314 3705
2024-12-15 23:50:00,180 ERROR auto_assemble_thucthicaulenh(1117) Zhuangzi1 pf 2310 3706
2024-12-15 23:50:00,190 ERROR auto_assemble_thucthicaulenh(1117) Zhuangzi2 pf 2310 3705
2024-12-15 23:50:00,466 ERROR auto_assemble_thucthicaulenh(1117) Zhuangzi2 pf 2310 3705
2024-12-15 23:50:00,470 ERROR auto_assemble_thucthicaulenh(1117) Zhuangzi1 pf 2310 3706
2024-12-15 23:50:00,754 ERROR auto_assemble_thucthicaulenh(1117) Zhuangzi2 pf 2310 3705
2024-12-15 23:50:00,761 ERROR auto_assemble_thucthicaulenh(1117) Zhuangzi1 pf 2310 3706
2024-12-15 23:50:01,005 ERROR auto_assemble_thucthicaulenh(1117) Zhuangzi2 pf 2314 3705
2024-12-15 23:50:01,030 ERROR auto_assemble_thucthicaulenh(1117) Zhuangzi1 pf 2316
2024-12-15 23:50:01,298 ERROR auto_assemble_thucthicaulenh(1117) Zhuangzi2 pf 2314 3705
2024-12-15 23:50:01,303 ERROR auto_assemble_thucthicaulenh(1117) Zhuangzi1 pf 2316
2024-12-15 23:50:01,572 ERROR auto_assemble_thucthicaulenh(1117) Zhuangzi2 pf 2314 3705
2024-12-15 23:50:01,589 ERROR auto_assemble_thucthicaulenh(1117) Zhuangzi1 pf 2316
2024-12-15 23:50:01,857 ERROR auto_assemble_thucthicaulenh(1117) Zhuangzi2 pf 2314 3705
2024-12-15 23:50:01,868 ERROR auto_assemble_thucthicaulenh(1117) Zhuangzi1 pf 2316
2024-12-15 23:50:02,107 ERROR auto_assemble_thucthicaulenh(1117) Zhuangzi2 pf 2310 3705
2024-12-15 23:50:02,135 ERROR auto_assemble_thucthicaulenh(1117) Zhuangzi1 pf 2310 3706
2024-12-15 23:50:02,392 ERROR auto_assemble_thucthicaulenh(1117) Zhuangzi2 pf 2310 3705
2024-12-15 23:50:02,420 ERROR auto_assemble_thucthicaulenh(1117) Zhuangzi1 pf 2310 3706
2024-12-15 23:50:02,678 ERROR auto_assemble_thucthicaulenh(1117) Zhuangzi2 pf 2310 3705
2024-12-15 23:50:02,709 ERROR auto_assemble_thucthicaulenh(1117) Zhuangzi1 pf 2310 3706
2024-12-15 23:50:02,978 ERROR auto_assemble_thucthicaulenh(1117) Zhuangzi2 pf 2310 3705
2024-12-15 23:50:02,985 ERROR auto_assemble_thucthicaulenh(1117) Zhuangzi1 pf 2310 3706
2024-12-15 23:50:03,243 ERROR auto_assemble_thucthicaulenh(1117) Zhuangzi2 pf 2314 3705
2024-12-15 23:50:03,247 ERROR auto_assemble_thucthicaulenh(1117) Zhuangzi1 pf 2316
2024-12-15 23:50:03,516 ERROR auto_assemble_thucthicaulenh(1117) Zhuangzi2 pf 2314 3705
2024-12-15 23:50:03,522 ERROR auto_assemble_thucthicaulenh(1117) Zhuangzi1 pf 2316
2024-12-15 23:50:03,773 ERROR auto_assemble_thucthicaulenh(1117) Zhuangzi2 pf 3254
2024-12-15 23:50:03,805 ERROR auto_assemble_thucthicaulenh(1117) Zhuangzi1 pf 2316
2024-12-15 23:50:04,041 ERROR auto_assemble_thucthicaulenh(1117) Zhuangzi2 pf 2316
2024-12-15 23:50:04,087 ERROR auto_assemble_thucthicaulenh(1117) Zhuangzi1 pf 2314 3706
2024-12-15 23:50:04,294 ERROR auto_assemble_thucthicaulenh(1117) Zhuangzi2 pf 2310 3705
2024-12-15 23:50:04,345 ERROR auto_assemble_thucthicaulenh(1117) Zhuangzi1 pf 2310 3706
2024-12-15 23:50:04,572 ERROR auto_assemble_thucthicaulenh(1117) Zhuangzi2 pf 2310 3705
2024-12-15 23:50:04,624 ERROR auto_assemble_thucthicaulenh(1117) Zhuangzi1 pf 2310 3706
2024-12-15 23:50:04,858 ERROR auto_assemble_thucthicaulenh(1117) Zhuangzi2 pf 2310 3705
2024-12-15 23:50:04,906 ERROR auto_assemble_thucthicaulenh(1117) Zhuangzi1 pf 2310 3706
2024-12-15 23:50:05,119 ERROR auto_assemble_thucthicaulenh(1117) Zhuangzi2 pf 2316
2024-12-15 23:50:05,180 ERROR auto_assemble_thucthicaulenh(1117) Zhuangzi1 pf 2314 3706
2024-12-15 23:50:05,405 ERROR auto_assemble_thucthicaulenh(1117) Zhuangzi2 pf 2316
2024-12-15 23:50:05,466 ERROR auto_assemble_thucthicaulenh(1117) Zhuangzi1 pf 2314 3706
2024-12-15 23:50:05,692 ERROR auto_assemble_thucthicaulenh(1117) Zhuangzi2 pf 2316
2024-12-15 23:50:05,760 ERROR auto_assemble_thucthicaulenh(1117) Zhuangzi1 pf 2314 3706
2024-12-15 23:50:05,963 ERROR auto_assemble_thucthicaulenh(1117) Zhuangzi2 pf 2314 3705
2024-12-15 23:50:06,031 ERROR auto_assemble_thucthicaulenh(1117) Zhuangzi1 pf 3252 3705
2024-12-15 23:50:06,220 ERROR auto_assemble_thucthicaulenh(1117) Zhuangzi2 pf 2310 3705
2024-12-15 23:50:06,295 ERROR auto_assemble_thucthicaulenh(1117) Zhuangzi1 pf 2310 3706
2024-12-15 23:50:06,502 ERROR auto_assemble_thucthicaulenh(1117) Zhuangzi2 pf 2310 3705
2024-12-15 23:50:06,592 ERROR auto_assemble_thucthicaulenh(1117) Zhuangzi1 pf 2310 3706
2024-12-15 23:50:06,778 ERROR auto_assemble_thucthicaulenh(1117) Zhuangzi2 pf 2310 3705
2024-12-15 23:50:06,849 ERROR auto_assemble_thucthicaulenh(1117) Zhuangzi1 pf 3252 3705
2024-12-15 23:50:07,038 ERROR auto_assemble_thucthicaulenh(1117) Zhuangzi2 pf 2314 3705
2024-12-15 23:50:07,158 ERROR auto_assemble_thucthicaulenh(1117) Zhuangzi1 pf 3252 3705
2024-12-15 23:50:07,327 ERROR auto_assemble_thucthicaulenh(1117) Zhuangzi2 pf 2314 3705
2024-12-15 23:50:07,453 ERROR auto_assemble_thucthicaulenh(1117) Zhuangzi1 pf 3252 3705
2024-12-15 23:50:07,606 ERROR auto_assemble_thucthicaulenh(1117) Zhuangzi2 pf 2314 3705
2024-12-15 23:50:07,731 ERROR auto_assemble_thucthicaulenh(1117) Zhuangzi1 pf 3252 3705
2024-12-15 23:50:07,862 ERROR auto_assemble_thucthicaulenh(1117) Zhuangzi2 pf 3252 3706
2024-12-15 23:50:07,984 ERROR auto_assemble_thucthicaulenh(1117) Zhuangzi1 pf 2310 3706
2024-12-15 23:50:08,123 ERROR auto_assemble_thucthicaulenh(1117) Zhuangzi2 pf 2310 3705
2024-12-15 23:50:08,284 ERROR auto_assemble_thucthicaulenh(1117) Zhuangzi1 pf 2310 3706
2024-12-15 23:50:08,411 ERROR auto_assemble_thucthicaulenh(1117) Zhuangzi2 pf 2310 3705
2024-12-15 23:50:08,568 ERROR auto_assemble_thucthicaulenh(1117) Zhuangzi1 pf 2310 3706
2024-12-15 23:50:08,710 ERROR auto_assemble_thucthicaulenh(1117) Zhuangzi2 pf 2310 3705
2024-12-15 23:50:08,834 ERROR auto_assemble_thucthicaulenh(1117) Zhuangzi1 pf 2316
2024-12-15 23:50:08,964 ERROR auto_assemble_thucthicaulenh(1117) Zhuangzi2 pf 3252 3706
2024-12-15 23:50:09,323 ERROR auto_assemble_thucthicaulenh(1117) Zhuangzi2 pf 3252 3706
2024-12-15 23:50:09,622 ERROR auto_assemble_thucthicaulenh(1117) Zhuangzi2 pf 3252 3706
2024-12-15 23:50:09,883 ERROR auto_assemble_thucthicaulenh(1117) Zhuangzi2 pf 2310 3705
2024-12-15 23:50:10,179 ERROR auto_assemble_thucthicaulenh(1117) Zhuangzi2 pf 2310 3705
2024-12-15 23:50:10,284 ERROR auto_assemble_thucthicaulenh(1117) Zhuangzi1 pf 2310 3706
2024-12-15 23:50:10,460 ERROR auto_assemble_thucthicaulenh(1117) Zhuangzi2 pf 2310 3705
2024-12-15 23:50:10,552 ERROR auto_assemble_thucthicaulenh(1117) Zhuangzi1 pf 2316
2024-12-15 23:50:10,753 ERROR auto_assemble_thucthicaulenh(1117) Zhuangzi2 pf 2310 3705
2024-12-15 23:50:10,841 ERROR auto_assemble_thucthicaulenh(1117) Zhuangzi1 pf 2316
2024-12-15 23:50:11,122 ERROR auto_assemble_thucthicaulenh(1117) Zhuangzi1 pf 2316
2024-12-15 23:50:11,405 ERROR auto_assemble_thucthicaulenh(1117) Zhuangzi1 pf 2316
2024-12-15 23:50:11,682 ERROR auto_assemble_thucthicaulenh(1117) Zhuangzi1 pf 2310 3706
2024-12-15 23:50:11,944 ERROR auto_assemble_thucthicaulenh(1117) Zhuangzi1 pf 2316
2024-12-15 23:50:12,109 ERROR auto_assemble_thucthicaulenh(1117) Zhuangzi2 pf 2310 3705
2024-12-15 23:50:12,226 ERROR auto_assemble_thucthicaulenh(1117) Zhuangzi1 pf 2316
2024-12-15 23:50:12,369 ERROR auto_assemble_thucthicaulenh(1117) Zhuangzi2 pf 2316
2024-12-15 23:50:12,514 ERROR auto_assemble_thucthicaulenh(1117) Zhuangzi1 pf 2316
2024-12-15 23:50:12,677 ERROR auto_assemble_thucthicaulenh(1117) Zhuangzi2 pf 2316
2024-12-15 23:50:12,792 ERROR auto_assemble_thucthicaulenh(1117) Zhuangzi1 pf 2316
2024-12-15 23:50:12,952 ERROR auto_assemble_thucthicaulenh(1117) Zhuangzi2 pf 3252 3706
2024-12-15 23:50:13,053 ERROR auto_assemble_thucthicaulenh(1117) Zhuangzi1 pf 2310 3706
2024-12-15 23:50:13,226 ERROR auto_assemble_thucthicaulenh(1117) Zhuangzi2 pf 3252 3706
2024-12-15 23:50:13,331 ERROR auto_assemble_thucthicaulenh(1117) Zhuangzi1 pf 2310 3706
2024-12-15 23:50:13,496 ERROR auto_assemble_thucthicaulenh(1117) Zhuangzi2 pf 2310 3705
2024-12-15 23:50:13,618 ERROR auto_assemble_thucthicaulenh(1117) Zhuangzi1 pf 2310 3706
2024-12-15 23:50:13,797 ERROR auto_assemble_thucthicaulenh(1117) Zhuangzi2 pf 2310 3705
2024-12-15 23:50:13,874 ERROR auto_assemble_thucthicaulenh(1117) Zhuangzi1 pf 3252 3705
2024-12-15 23:50:14,064 ERROR auto_assemble_thucthicaulenh(1117) Zhuangzi2 pf 3252 3706
2024-12-15 23:50:14,147 ERROR auto_assemble_thucthicaulenh(1117) Zhuangzi1 pf 3252 3705
2024-12-15 23:50:14,365 ERROR auto_assemble_thucthicaulenh(1117) Zhuangzi2 pf 3252 3706
2024-12-15 23:50:14,433 ERROR auto_assemble_thucthicaulenh(1117) Zhuangzi1 pf 3252 3705
2024-12-15 23:50:14,657 ERROR auto_assemble_thucthicaulenh(1117) Zhuangzi2 pf 3252 3706
2024-12-15 23:50:14,723 ERROR auto_assemble_thucthicaulenh(1117) Zhuangzi1 pf 3252 3705
2024-12-15 23:50:14,914 ERROR auto_assemble_thucthicaulenh(1117) Zhuangzi2 pf 2312 3705
2024-12-15 23:50:14,979 ERROR auto_assemble_thucthicaulenh(1117) Zhuangzi1 pf 2310 3706
2024-12-15 23:50:15,167 ERROR auto_assemble_thucthicaulenh(1117) Zhuangzi2 pf 2310 3705
2024-12-15 23:50:15,256 ERROR auto_assemble_thucthicaulenh(1117) Zhuangzi1 pf 2310 3706
2024-12-15 23:50:15,461 ERROR auto_assemble_thucthicaulenh(1117) Zhuangzi2 pf 2310 3705
2024-12-15 23:50:15,558 ERROR auto_assemble_thucthicaulenh(1117) Zhuangzi1 pf 2310 3706
2024-12-15 23:50:15,738 ERROR auto_assemble_thucthicaulenh(1117) Zhuangzi2 pf 2310 3705
2024-12-15 23:50:15,823 ERROR auto_assemble_thucthicaulenh(1117) Zhuangzi1 pf 2312 3706
2024-12-15 23:50:16,091 ERROR auto_assemble_thucthicaulenh(1117) Zhuangzi1 pf 2314 3706
2024-12-15 23:50:17,772 ERROR auto_assemble_thucthicaulenh(1117) Zhuangzi2 pf 3252 3706
2024-12-15 23:50:18,322 ERROR auto_assemble_dichuyen(1216) Zhuangzi1: auto_assemble_dichuyen: 785 433
2024-12-15 23:50:18,380 ERROR auto_assemble_thucthicaulenh(1117) Zhuangzi1 pet d122# show
2024-12-15 23:50:20,492 ERROR auto_assemble_thucthicaulenh(1117) Zhuangzi1 talk 1bc# 1
2024-12-15 23:50:20,985 ERROR auto_assemble_thucthicaulenh(1117) Zhuangzi2 pf 3252 3706
2024-12-15 23:50:21,498 ERROR auto_assemble_dichuyen(1216) Zhuangzi1: auto_assemble_dichuyen: -3658 1533
2024-12-15 23:50:21,792 ERROR auto_assemble_thucthicaulenh(1117) Zhuangzi1 pet d122# show
2024-12-15 23:50:22,514 ERROR auto_assemble_dichuyen(1216) Zhuangzi1: auto_assemble_dichuyen: 341 266
2024-12-15 23:50:23,158 ERROR auto_assemble_thucthicaulenh(1117) Zhuangzi1 pet d122# show
2024-12-15 23:50:24,159 ERROR auto_assemble_thucthicaulenh(1117) Zhuangzi1 pet d122# show
2024-12-15 23:50:24,198 ERROR auto_assemble_thucthicaulenh(1117) Zhuangzi2 pf 3252 3706
2024-12-15 23:50:25,181 ERROR auto_assemble_thucthicaulenh(1117) Zhuangzi1 pet d122# show
2024-12-15 23:50:26,209 ERROR auto_assemble_thucthicaulenh(1117) Zhuangzi1 pet d122# show
2024-12-15 23:50:27,228 ERROR auto_assemble_thucthicaulenh(1117) Zhuangzi1 pet d122# show
2024-12-15 23:50:27,376 ERROR auto_assemble_thucthicaulenh(1117) Zhuangzi2 pf 3252 3706
2024-12-15 23:50:28,241 ERROR auto_assemble_thucthicaulenh(1117) Zhuangzi1 pet d122# show
2024-12-15 23:50:29,256 ERROR auto_assemble_thucthicaulenh(1117) Zhuangzi1 pet d122# show
2024-12-15 23:50:30,296 ERROR auto_assemble_thucthicaulenh(1117) Zhuangzi1 pet d122# show
2024-12-15 23:50:30,555 ERROR auto_assemble_thucthicaulenh(1117) Zhuangzi2 pf 3252 3706
2024-12-15 23:50:31,301 ERROR auto_assemble_thucthicaulenh(1117) Zhuangzi1 pet d122# show
2024-12-15 23:50:32,394 ERROR auto_assemble_thucthicaulenh(1117) Zhuangzi1 pet d122# show
2024-12-15 23:50:33,391 ERROR auto_assemble_thucthicaulenh(1117) Zhuangzi1 pet d122# show
2024-12-15 23:50:33,738 ERROR auto_assemble_thucthicaulenh(1117) Zhuangzi2 pf 3252 3706
2024-12-15 23:50:34,424 ERROR auto_assemble_thucthicaulenh(1117) Zhuangzi1 pet d122# show
2024-12-15 23:50:35,434 ERROR auto_assemble_thucthicaulenh(1117) Zhuangzi1 pet d122# show
2024-12-15 23:50:36,461 ERROR auto_assemble_thucthicaulenh(1117) Zhuangzi1 pet d122# show
2024-12-15 23:50:36,954 ERROR auto_assemble_thucthicaulenh(1117) Zhuangzi2 pf 3252 3706
2024-12-15 23:50:37,486 ERROR auto_assemble_thucthicaulenh(1117) Zhuangzi1 pet d122# show
2024-12-15 23:50:38,500 ERROR auto_assemble_thucthicaulenh(1117) Zhuangzi1 pet d122# show
2024-12-15 23:51:25,865 ERROR auto_assemble_thucthicaulenh(1117) Zhuangzi2 pf 3252 3706
2024-12-15 23:51:26,365 ERROR auto_assemble_thucthicaulenh(1117) Zhuangzi2 use d2d3#
2024-12-15 23:51:26,438 ERROR auto_assemble_thucthicaulenh(1117) Zhuangzi1 use ce32#
2024-12-15 23:51:26,689 ERROR auto_assemble_thucthicaulenh(1117) Zhuangzi1 pf 3252 3705
2024-12-15 23:51:28,059 ERROR auto_assemble_thucthicaulenh(1117) Zhuangzi1 pf 3291 3705
2024-12-15 23:51:29,840 ERROR auto_assemble_thucthicaulenh(1117) Zhuangzi1 pf 3252 3705
2024-12-15 23:51:33,061 ERROR auto_assemble_thucthicaulenh(1117) Zhuangzi1 pf 3252 3705
2024-12-15 23:51:36,239 ERROR auto_assemble_thucthicaulenh(1117) Zhuangzi1 pf 3252 3705
2024-12-15 23:51:39,502 ERROR auto_assemble_thucthicaulenh(1117) Zhuangzi1 pf 3252 3705
2024-12-15 23:51:42,337 ERROR auto_assemble_thucthicaulenh(1117) Zhuangzi1 pf 3254
2024-12-15 23:51:42,371 ERROR auto_assemble_dichuyen(1216) Zhuangzi2: auto_assemble_dichuyen: 430 433
2024-12-15 23:51:43,092 ERROR auto_assemble_dichuyen(1216) Zhuangzi1: auto_assemble_dichuyen: 430 166
2024-12-15 23:51:43,605 ERROR auto_assemble_thucthicaulenh(1117) Zhuangzi2 pf 2310 3705
2024-12-15 23:51:43,889 ERROR auto_assemble_thucthicaulenh(1117) Zhuangzi2 pf 2310 3705
2024-12-15 23:51:44,172 ERROR auto_assemble_thucthicaulenh(1117) Zhuangzi2 pf 2310 3705
2024-12-15 23:51:44,282 ERROR auto_assemble_thucthicaulenh(1117) Zhuangzi1 pf 2310 3706
2024-12-15 23:51:44,486 ERROR auto_assemble_thucthicaulenh(1117) Zhuangzi2 pf 2310 3705
2024-12-15 23:51:44,533 ERROR auto_assemble_thucthicaulenh(1117) Zhuangzi1 pf 2314 3706
2024-12-15 23:51:44,764 ERROR auto_assemble_thucthicaulenh(1117) Zhuangzi2 pf 2310 3705
2024-12-15 23:51:44,813 ERROR auto_assemble_thucthicaulenh(1117) Zhuangzi1 pf 2314 3706
2024-12-15 23:51:45,016 ERROR auto_assemble_thucthicaulenh(1117) Zhuangzi2 pf 2316
2024-12-15 23:51:45,093 ERROR auto_assemble_thucthicaulenh(1117) Zhuangzi1 pf 2314 3706
2024-12-15 23:51:45,278 ERROR auto_assemble_thucthicaulenh(1117) Zhuangzi2 pf 3254
2024-12-15 23:51:45,364 ERROR auto_assemble_thucthicaulenh(1117) Zhuangzi1 pf 3252 3705
2024-12-15 23:51:45,552 ERROR auto_assemble_thucthicaulenh(1117) Zhuangzi2 pf 3254
2024-12-15 23:51:45,626 ERROR auto_assemble_thucthicaulenh(1117) Zhuangzi1 pf 2310 3706
2024-12-15 23:51:45,832 ERROR auto_assemble_thucthicaulenh(1117) Zhuangzi2 pf 3254
2024-12-15 23:51:45,888 ERROR auto_assemble_thucthicaulenh(1117) Zhuangzi1 pf 3252 3705
2024-12-15 23:51:46,092 ERROR auto_assemble_thucthicaulenh(1117) Zhuangzi2 pf 2310 3705
2024-12-15 23:51:46,176 ERROR auto_assemble_thucthicaulenh(1117) Zhuangzi1 pf 3252 3705
2024-12-15 23:51:46,372 ERROR auto_assemble_thucthicaulenh(1117) Zhuangzi2 pf 2310 3705
2024-12-15 23:51:46,475 ERROR auto_assemble_thucthicaulenh(1117) Zhuangzi1 pf 3252 3705
2024-12-15 23:51:46,650 ERROR auto_assemble_thucthicaulenh(1117) Zhuangzi2 pf 2310 3705
2024-12-15 23:51:46,751 ERROR auto_assemble_thucthicaulenh(1117) Zhuangzi1 pf 3252 3705
2024-12-15 23:51:46,919 ERROR auto_assemble_thucthicaulenh(1117) Zhuangzi2 pf 2316
2024-12-15 23:51:47,019 ERROR auto_assemble_thucthicaulenh(1117) Zhuangzi1 pf 2310 3706
2024-12-15 23:51:47,201 ERROR auto_assemble_thucthicaulenh(1117) Zhuangzi2 pf 2316
2024-12-15 23:51:47,301 ERROR auto_assemble_thucthicaulenh(1117) Zhuangzi1 pf 2310 3706
2024-12-15 23:51:47,518 ERROR auto_assemble_thucthicaulenh(1117) Zhuangzi2 pf 2316
2024-12-15 23:51:47,642 ERROR auto_assemble_thucthicaulenh(1117) Zhuangzi1 pf 2310 3706
2024-12-15 23:51:47,793 ERROR auto_assemble_thucthicaulenh(1117) Zhuangzi2 pf 2316
2024-12-15 23:51:47,901 ERROR auto_assemble_thucthicaulenh(1117) Zhuangzi1 pf 2312 3706
2024-12-15 23:51:48,066 ERROR auto_assemble_thucthicaulenh(1117) Zhuangzi2 pf 2310 3705
2024-12-15 23:51:48,351 ERROR auto_assemble_thucthicaulenh(1117) Zhuangzi2 pf 2310 3705
2024-12-15 23:51:48,628 ERROR auto_assemble_thucthicaulenh(1117) Zhuangzi2 pf 2310 3705
2024-12-15 23:51:48,899 ERROR auto_assemble_thucthicaulenh(1117) Zhuangzi2 pf 2314 3705
2024-12-15 23:51:49,211 ERROR auto_assemble_thucthicaulenh(1117) Zhuangzi2 pf 2314 3705
2024-12-15 23:51:49,220 ERROR auto_assemble_thucthicaulenh(1117) Zhuangzi1 pf 2310 3706
2024-12-15 23:51:49,494 ERROR auto_assemble_thucthicaulenh(1117) Zhuangzi2 pf 2314 3705
2024-12-15 23:51:49,498 ERROR auto_assemble_thucthicaulenh(1117) Zhuangzi1 pf 2310 3706
2024-12-15 23:51:49,765 ERROR auto_assemble_thucthicaulenh(1117) Zhuangzi2 pf 2310 3705
2024-12-15 23:51:49,796 ERROR auto_assemble_thucthicaulenh(1117) Zhuangzi1 pf 2312 3706
2024-12-15 23:51:50,044 ERROR auto_assemble_thucthicaulenh(1117) Zhuangzi1 pf 3252 3705
2024-12-15 23:51:50,048 ERROR auto_assemble_thucthicaulenh(1117) Zhuangzi2 pf 2314 3705
2024-12-15 23:51:50,321 ERROR auto_assemble_thucthicaulenh(1117) Zhuangzi1 pf 3252 3705
2024-12-15 23:51:50,322 ERROR auto_assemble_thucthicaulenh(1117) Zhuangzi2 pf 2314 3705
2024-12-15 23:51:50,584 ERROR auto_assemble_thucthicaulenh(1117) Zhuangzi1 pf 2310 3706
2024-12-15 23:51:50,601 ERROR auto_assemble_thucthicaulenh(1117) Zhuangzi2 pf 2314 3705
2024-12-15 23:51:50,863 ERROR auto_assemble_thucthicaulenh(1117) Zhuangzi1 pf 2310 3706
2024-12-15 23:51:50,891 ERROR auto_assemble_thucthicaulenh(1117) Zhuangzi2 pf 2314 3705
2024-12-15 23:51:51,148 ERROR auto_assemble_thucthicaulenh(1117) Zhuangzi2 pf 2310 3705
2024-12-15 23:51:51,152 ERROR auto_assemble_thucthicaulenh(1117) Zhuangzi1 pf 2310 3706
2024-12-15 23:51:51,437 ERROR auto_assemble_thucthicaulenh(1117) Zhuangzi1 pf 2310 3706
2024-12-15 23:51:51,438 ERROR auto_assemble_thucthicaulenh(1117) Zhuangzi2 pf 2310 3705
2024-12-15 23:51:51,721 ERROR auto_assemble_thucthicaulenh(1117) Zhuangzi1 pf 2310 3706
2024-12-15 23:51:51,725 ERROR auto_assemble_thucthicaulenh(1117) Zhuangzi2 pf 2310 3705
2024-12-15 23:51:51,980 ERROR auto_assemble_thucthicaulenh(1117) Zhuangzi1 pf 3252 3705
2024-12-15 23:51:51,988 ERROR auto_assemble_thucthicaulenh(1117) Zhuangzi2 pf 2316
2024-12-15 23:51:52,304 ERROR auto_assemble_thucthicaulenh(1117) Zhuangzi2 pf 2316
2024-12-15 23:51:52,314 ERROR auto_assemble_thucthicaulenh(1117) Zhuangzi1 pf 3252 3705
2024-12-15 23:51:52,589 ERROR auto_assemble_thucthicaulenh(1117) Zhuangzi2 pf 2316
2024-12-15 23:51:52,593 ERROR auto_assemble_thucthicaulenh(1117) Zhuangzi1 pf 3252 3705
2024-12-15 23:51:52,881 ERROR auto_assemble_thucthicaulenh(1117) Zhuangzi2 pf 2316
2024-12-15 23:51:52,927 ERROR auto_assemble_thucthicaulenh(1117) Zhuangzi1 pf 3252 3705
2024-12-15 23:51:53,142 ERROR auto_assemble_thucthicaulenh(1117) Zhuangzi2 pf 2310 3705
2024-12-15 23:51:53,181 ERROR auto_assemble_thucthicaulenh(1117) Zhuangzi1 pf 2310 3706
2024-12-15 23:51:53,431 ERROR auto_assemble_thucthicaulenh(1117) Zhuangzi2 pf 2310 3705
2024-12-15 23:51:53,465 ERROR auto_assemble_thucthicaulenh(1117) Zhuangzi1 pf 2310 3706
2024-12-15 23:51:53,706 ERROR auto_assemble_thucthicaulenh(1117) Zhuangzi2 pf 2310 3705
2024-12-15 23:51:53,742 ERROR auto_assemble_thucthicaulenh(1117) Zhuangzi1 pf 2310 3706
2024-12-15 23:51:53,973 ERROR auto_assemble_thucthicaulenh(1117) Zhuangzi2 pf 2314 3705
2024-12-15 23:51:54,257 ERROR auto_assemble_thucthicaulenh(1117) Zhuangzi2 pf 2314 3705
2024-12-15 23:51:54,551 ERROR auto_assemble_thucthicaulenh(1117) Zhuangzi2 pf 2314 3705
2024-12-15 23:51:54,843 ERROR auto_assemble_thucthicaulenh(1117) Zhuangzi2 pf 2314 3705
2024-12-15 23:51:55,098 ERROR auto_assemble_thucthicaulenh(1117) Zhuangzi2 pf 2310 3705
2024-12-15 23:51:55,105 ERROR auto_assemble_thucthicaulenh(1117) Zhuangzi1 pf 2310 3706
2024-12-15 23:51:55,372 ERROR auto_assemble_thucthicaulenh(1117) Zhuangzi1 pf 2314 3706
2024-12-15 23:51:55,379 ERROR auto_assemble_thucthicaulenh(1117) Zhuangzi2 pf 2310 3705
2024-12-15 23:51:55,655 ERROR auto_assemble_thucthicaulenh(1117) Zhuangzi2 pf 2310 3705
2024-12-15 23:51:55,657 ERROR auto_assemble_thucthicaulenh(1117) Zhuangzi1 pf 2314 3706
2024-12-15 23:51:55,933 ERROR auto_assemble_thucthicaulenh(1117) Zhuangzi2 pf 3252 3706
2024-12-15 23:51:55,937 ERROR auto_assemble_thucthicaulenh(1117) Zhuangzi1 pf 2313 3706
2024-12-15 23:51:56,207 ERROR auto_assemble_thucthicaulenh(1117) Zhuangzi1 pf 3252 3705
2024-12-15 23:51:56,217 ERROR auto_assemble_thucthicaulenh(1117) Zhuangzi2 pf 3252 3706
2024-12-15 23:51:56,464 ERROR auto_assemble_thucthicaulenh(1117) Zhuangzi1 pf 2310 3706
2024-12-15 23:51:56,495 ERROR auto_assemble_thucthicaulenh(1117) Zhuangzi2 pf 3252 3706
2024-12-15 23:51:56,758 ERROR auto_assemble_thucthicaulenh(1117) Zhuangzi1 pf 2310 3706
2024-12-15 23:51:56,770 ERROR auto_assemble_thucthicaulenh(1117) Zhuangzi2 pf 3252 3706
2024-12-15 23:51:57,028 ERROR auto_assemble_thucthicaulenh(1117) Zhuangzi2 pf 2310 3705
2024-12-15 23:51:57,031 ERROR auto_assemble_thucthicaulenh(1117) Zhuangzi1 pf 3252 3705
2024-12-15 23:51:57,314 ERROR auto_assemble_thucthicaulenh(1117) Zhuangzi2 pf 2310 3705
2024-12-15 23:51:57,320 ERROR auto_assemble_thucthicaulenh(1117) Zhuangzi1 pf 3252 3705
2024-12-15 23:51:57,593 ERROR auto_assemble_thucthicaulenh(1117) Zhuangzi1 pf 3252 3705
2024-12-15 23:51:57,595 ERROR auto_assemble_thucthicaulenh(1117) Zhuangzi2 pf 2310 3705
2024-12-15 23:51:57,849 ERROR auto_assemble_thucthicaulenh(1117) Zhuangzi1 pf 2313 3706
2024-12-15 23:51:58,122 ERROR auto_assemble_thucthicaulenh(1117) Zhuangzi1 pf 2310 3706
2024-12-15 23:51:58,432 ERROR auto_assemble_thucthicaulenh(1117) Zhuangzi1 pf 2310 3706
2024-12-15 23:51:58,730 ERROR auto_assemble_thucthicaulenh(1117) Zhuangzi1 pf 2310 3706
2024-12-15 23:51:58,969 ERROR auto_assemble_thucthicaulenh(1117) Zhuangzi1 pf 2313 3706
2024-12-15 23:51:59,108 ERROR auto_assemble_thucthicaulenh(1117) Zhuangzi2 pf 2310 3705
2024-12-15 23:51:59,243 ERROR auto_assemble_thucthicaulenh(1117) Zhuangzi1 pf 2313 3706
2024-12-15 23:51:59,385 ERROR auto_assemble_thucthicaulenh(1117) Zhuangzi2 pf 2316
2024-12-15 23:51:59,591 ERROR auto_assemble_thucthicaulenh(1117) Zhuangzi1 pf 2313 3706
2024-12-15 23:51:59,672 ERROR auto_assemble_thucthicaulenh(1117) Zhuangzi2 pf 2316
2024-12-15 23:51:59,939 ERROR auto_assemble_thucthicaulenh(1117) Zhuangzi2 pf 2312 3705
2024-12-15 23:52:00,200 ERROR auto_assemble_thucthicaulenh(1117) Zhuangzi2 pf 3252 3706
2024-12-15 23:52:00,463 ERROR auto_assemble_thucthicaulenh(1117) Zhuangzi2 pf 2310 3705
2024-12-15 23:52:00,648 ERROR auto_assemble_thucthicaulenh(1117) Zhuangzi1 use ce2c#
2024-12-15 23:52:00,757 ERROR auto_assemble_thucthicaulenh(1117) Zhuangzi2 pf 2310 3705
2024-12-15 23:52:01,025 ERROR auto_assemble_thucthicaulenh(1117) Zhuangzi1 pf 2310 3706
2024-12-15 23:52:01,044 ERROR auto_assemble_thucthicaulenh(1117) Zhuangzi2 pf 2310 3705
2024-12-15 23:52:01,306 ERROR auto_assemble_thucthicaulenh(1117) Zhuangzi1 pf 2310 3706
2024-12-15 23:52:01,319 ERROR auto_assemble_thucthicaulenh(1117) Zhuangzi2 pf 2310 3705
2024-12-15 23:52:01,589 ERROR auto_assemble_thucthicaulenh(1117) Zhuangzi1 pf 2310 3706
2024-12-15 23:52:01,600 ERROR auto_assemble_thucthicaulenh(1117) Zhuangzi2 pf 2310 3705
2024-12-15 23:52:01,864 ERROR auto_assemble_thucthicaulenh(1117) Zhuangzi1 pf 3252 3705
2024-12-15 23:52:01,875 ERROR auto_assemble_thucthicaulenh(1117) Zhuangzi2 pf 3252 3706
2024-12-15 23:52:02,143 ERROR auto_assemble_thucthicaulenh(1117) Zhuangzi1 pf 3252 3705
2024-12-15 23:52:02,152 ERROR auto_assemble_thucthicaulenh(1117) Zhuangzi2 pf 3252 3706
2024-12-15 23:52:02,436 ERROR auto_assemble_thucthicaulenh(1117) Zhuangzi2 pf 3252 3706
2024-12-15 23:52:02,709 ERROR auto_assemble_thucthicaulenh(1117) Zhuangzi2 pf 3252 3706
2024-12-15 23:52:03,612 ERROR auto_assemble_thucthicaulenh(1117) Zhuangzi1 pf 3252 3705
2024-12-15 23:52:03,902 ERROR auto_assemble_thucthicaulenh(1117) Zhuangzi1 pf 3252 3705
2024-12-15 23:52:05,110 ERROR auto_assemble_dichuyen(1216) Zhuangzi1: auto_assemble_dichuyen: 874 433
2024-12-15 23:52:05,908 ERROR auto_assemble_thucthicaulenh(1117) Zhuangzi2 pf 3252 3706
2024-12-15 23:52:07,721 ERROR auto_assemble_thucthicaulenh(1117) Zhuangzi1 talk 1bc# 1
2024-12-15 23:52:08,746 ERROR auto_assemble_dichuyen(1216) Zhuangzi1: auto_assemble_dichuyen: 385 300
2024-12-15 23:52:09,113 ERROR auto_assemble_thucthicaulenh(1117) Zhuangzi2 pf 3252 3706
2024-12-15 23:52:09,122 ERROR auto_assemble_thucthicaulenh(1117) Zhuangzi1 pet d122# show
2024-12-15 23:52:10,152 ERROR auto_assemble_thucthicaulenh(1117) Zhuangzi1 pet d122# show
2024-12-15 23:52:11,169 ERROR auto_assemble_thucthicaulenh(1117) Zhuangzi1 pet d122# show
2024-12-15 23:52:12,191 ERROR auto_assemble_thucthicaulenh(1117) Zhuangzi1 pet d122# show
2024-12-15 23:52:12,237 ERROR auto_assemble_thucthicaulenh(1117) Zhuangzi2 pf 3252 3706
2024-12-15 23:52:13,193 ERROR auto_assemble_thucthicaulenh(1117) Zhuangzi1 pet d122# show
2024-12-15 23:52:14,079 ERROR auto_assemble_thucthicaulenh(1117) Zhuangzi1 pf 3252 3705
2024-12-15 23:52:16,097 ERROR auto_assemble_thucthicaulenh(1117) Zhuangzi1 pet d122# 3
2024-12-15 23:52:18,122 ERROR auto_assemble_thucthicaulenh(1117) Zhuangzi1 pet d122# 3
2024-12-15 23:52:20,142 ERROR auto_assemble_thucthicaulenh(1117) Zhuangzi1 pet d122# 3
2024-12-15 23:52:22,152 ERROR auto_assemble_thucthicaulenh(1117) Zhuangzi1 pet d122# 3
2024-12-15 23:52:24,165 ERROR auto_assemble_thucthicaulenh(1117) Zhuangzi1 pet d122# 3
2024-12-15 23:52:26,187 ERROR auto_assemble_thucthicaulenh(1117) Zhuangzi1 pet d122# 3
2024-12-15 23:52:28,189 ERROR auto_assemble_thucthicaulenh(1117) Zhuangzi1 pet d122# 3
2024-12-15 23:52:30,210 ERROR auto_assemble_thucthicaulenh(1117) Zhuangzi1 pet d122# 3
2024-12-15 23:52:32,217 ERROR auto_assemble_thucthicaulenh(1117) Zhuangzi1 pet d122# 3
2024-12-15 23:52:34,222 ERROR auto_assemble_thucthicaulenh(1117) Zhuangzi1 pet d122# 3
2024-12-15 23:52:36,230 ERROR auto_assemble_thucthicaulenh(1117) Zhuangzi1 pet d122# 3
2024-12-15 23:52:38,238 ERROR auto_assemble_thucthicaulenh(1117) Zhuangzi1 pet d122# 3
2024-12-15 23:52:40,248 ERROR auto_assemble_thucthicaulenh(1117) Zhuangzi1 pet d122# 3
2024-12-15 23:52:42,270 ERROR auto_assemble_thucthicaulenh(1117) Zhuangzi1 pet d122# 3
2024-12-15 23:52:44,295 ERROR auto_assemble_thucthicaulenh(1117) Zhuangzi1 pet d122# 3
2024-12-15 23:52:46,303 ERROR auto_assemble_thucthicaulenh(1117) Zhuangzi1 pet d122# 3
2024-12-15 23:52:48,331 ERROR auto_assemble_thucthicaulenh(1117) Zhuangzi1 pet d122# 3
2024-12-15 23:52:50,345 ERROR auto_assemble_thucthicaulenh(1117) Zhuangzi1 pet d122# 3
2024-12-15 23:52:52,353 ERROR auto_assemble_thucthicaulenh(1117) Zhuangzi1 pet d122# 3
2024-12-15 23:52:54,366 ERROR auto_assemble_thucthicaulenh(1117) Zhuangzi1 pet d122# 3
2024-12-15 23:52:56,366 ERROR auto_assemble_thucthicaulenh(1117) Zhuangzi1 pet d122# 3
2024-12-15 23:52:58,381 ERROR auto_assemble_thucthicaulenh(1117) Zhuangzi1 pet d122# 3
2024-12-15 23:53:00,393 ERROR auto_assemble_thucthicaulenh(1117) Zhuangzi1 pet d122# 3
2024-12-15 23:53:02,409 ERROR auto_assemble_thucthicaulenh(1117) Zhuangzi1 pet d122# 3
2024-12-15 23:53:04,413 ERROR auto_assemble_thucthicaulenh(1117) Zhuangzi1 pet d122# 3
2024-12-15 23:53:06,419 ERROR auto_assemble_thucthicaulenh(1117) Zhuangzi1 pet d122# 3
2024-12-15 23:53:08,440 ERROR auto_assemble_thucthicaulenh(1117) Zhuangzi1 pet d122# 3
2024-12-15 23:53:10,462 ERROR auto_assemble_thucthicaulenh(1117) Zhuangzi1 pet d122# 3
2024-12-15 23:53:12,517 ERROR auto_assemble_thucthicaulenh(1117) Zhuangzi1 pet d122# 3
2024-12-15 23:53:14,535 ERROR auto_assemble_thucthicaulenh(1117) Zhuangzi1 pet d122# 3
2024-12-15 23:53:16,550 ERROR auto_assemble_thucthicaulenh(1117) Zhuangzi1 pet d122# 3
2024-12-15 23:53:18,554 ERROR auto_assemble_thucthicaulenh(1117) Zhuangzi1 pet d122# 3
2024-12-15 23:53:20,554 ERROR auto_assemble_thucthicaulenh(1117) Zhuangzi1 pet d122# 3
2024-12-15 23:53:22,576 ERROR auto_assemble_thucthicaulenh(1117) Zhuangzi1 pet d122# 3
2024-12-15 23:53:24,589 ERROR auto_assemble_thucthicaulenh(1117) Zhuangzi1 pet d122# 3
2024-12-15 23:53:26,161 ERROR auto_assemble_thucthicaulenh(1117) Zhuangzi1 use ce31# pet d122#
2024-12-15 23:53:28,619 ERROR auto_assemble_thucthicaulenh(1117) Zhuangzi1 pet d122# 3
2024-12-15 23:53:30,629 ERROR auto_assemble_thucthicaulenh(1117) Zhuangzi1 pet d122# 3
2024-12-15 23:53:32,087 ERROR auto_assemble_thucthicaulenh(1117) Zhuangzi2 pf 3291 3706
2024-12-15 23:53:32,942 ERROR auto_assemble_thucthicaulenh(1117) Zhuangzi1 pet d122# 3
2024-12-15 23:53:34,969 ERROR auto_assemble_thucthicaulenh(1117) Zhuangzi1 pet d122# 3
2024-12-15 23:53:36,970 ERROR auto_assemble_thucthicaulenh(1117) Zhuangzi1 pet d122# 3
2024-12-15 23:53:38,987 ERROR auto_assemble_thucthicaulenh(1117) Zhuangzi1 pet d122# 3
2024-12-15 23:53:41,010 ERROR auto_assemble_thucthicaulenh(1117) Zhuangzi1 pet d122# 3
2024-12-15 23:53:44,015 ERROR auto_assemble_thucthicaulenh(1117) Zhuangzi1 pf 3252 3705
2024-12-15 23:53:44,528 ERROR auto_assemble_thucthicaulenh(1117) Zhuangzi1 pf 3252 3705
2024-12-15 23:53:44,819 ERROR auto_assemble_thucthicaulenh(1117) Zhuangzi1 pf 3252 3705
2024-12-15 23:53:46,067 ERROR auto_assemble_dichuyen(1216) Zhuangzi1: auto_assemble_dichuyen: 74 33
2024-12-15 23:53:55,415 ERROR auto_assemble_thucthicaulenh(1117) Zhuangzi2 use d2d3#
2024-12-15 23:53:56,205 ERROR auto_assemble_thucthicaulenh(1117) Zhuangzi1 pf 3252 3705
2024-12-15 23:53:56,717 ERROR auto_assemble_thucthicaulenh(1117) Zhuangzi1 use ce32#
2024-12-15 23:53:59,428 ERROR auto_assemble_thucthicaulenh(1117) Zhuangzi1 pf 3252 3705
2024-12-15 23:54:01,000 ERROR auto_assemble_thucthicaulenh(1117) Zhuangzi2 pf 2310 3705
2024-12-15 23:54:01,265 ERROR auto_assemble_thucthicaulenh(1117) Zhuangzi2 pf 2316
2024-12-15 23:54:01,456 ERROR auto_assemble_thucthicaulenh(1117) Zhuangzi1 pf 3254
2024-12-15 23:54:01,552 ERROR auto_assemble_thucthicaulenh(1117) Zhuangzi2 pf 2316
2024-12-15 23:54:01,753 ERROR auto_assemble_thucthicaulenh(1117) Zhuangzi1 pf 2310 3706
2024-12-15 23:54:01,838 ERROR auto_assemble_thucthicaulenh(1117) Zhuangzi2 pf 2316
2024-12-15 23:54:02,005 ERROR auto_assemble_thucthicaulenh(1117) Zhuangzi1 pf 2316
2024-12-15 23:54:02,089 ERROR auto_assemble_thucthicaulenh(1117) Zhuangzi2 pf 2314 3705
2024-12-15 23:54:02,290 ERROR auto_assemble_thucthicaulenh(1117) Zhuangzi1 pf 2316
2024-12-15 23:54:02,358 ERROR auto_assemble_thucthicaulenh(1117) Zhuangzi2 pf 2310 3705
2024-12-15 23:54:02,565 ERROR auto_assemble_thucthicaulenh(1117) Zhuangzi1 pf 2316
2024-12-15 23:54:02,638 ERROR auto_assemble_thucthicaulenh(1117) Zhuangzi2 pf 2310 3705
2024-12-15 23:54:02,838 ERROR auto_assemble_thucthicaulenh(1117) Zhuangzi1 pf 2316
2024-12-15 23:54:02,910 ERROR auto_assemble_thucthicaulenh(1117) Zhuangzi2 pf 2314 3705
2024-12-15 23:54:03,091 ERROR auto_assemble_thucthicaulenh(1117) Zhuangzi1 pf 2310 3706
2024-12-15 23:54:03,196 ERROR auto_assemble_thucthicaulenh(1117) Zhuangzi2 pf 2314 3705
2024-12-15 23:54:03,371 ERROR auto_assemble_thucthicaulenh(1117) Zhuangzi1 pf 2310 3706
2024-12-15 23:54:03,499 ERROR auto_assemble_thucthicaulenh(1117) Zhuangzi2 pf 2314 3705
2024-12-15 23:54:03,643 ERROR auto_assemble_thucthicaulenh(1117) Zhuangzi1 pf 2310 3706
2024-12-15 23:54:03,779 ERROR auto_assemble_thucthicaulenh(1117) Zhuangzi2 pf 2314 3705
2024-12-15 23:54:03,898 ERROR auto_assemble_thucthicaulenh(1117) Zhuangzi1 pf 2314 3706
2024-12-15 23:54:04,040 ERROR auto_assemble_thucthicaulenh(1117) Zhuangzi2 pf 2310 3705
2024-12-15 23:54:04,181 ERROR auto_assemble_thucthicaulenh(1117) Zhuangzi1 pf 2314 3706
2024-12-15 23:54:04,319 ERROR auto_assemble_thucthicaulenh(1117) Zhuangzi2 pf 2310 3705
2024-12-15 23:54:04,472 ERROR auto_assemble_thucthicaulenh(1117) Zhuangzi1 pf 2314 3706
2024-12-15 23:54:04,600 ERROR auto_assemble_thucthicaulenh(1117) Zhuangzi2 pf 2310 3705
2024-12-15 23:54:04,782 ERROR auto_assemble_thucthicaulenh(1117) Zhuangzi1 pf 2314 3706
2024-12-15 23:54:04,886 ERROR auto_assemble_thucthicaulenh(1117) Zhuangzi2 pf 2310 3705
2024-12-15 23:54:05,070 ERROR auto_assemble_thucthicaulenh(1117) Zhuangzi1 pf 2310 3706
2024-12-15 23:54:05,139 ERROR auto_assemble_thucthicaulenh(1117) Zhuangzi2 pf 2312 3705
2024-12-15 23:54:05,355 ERROR auto_assemble_thucthicaulenh(1117) Zhuangzi1 pf 2310 3706
2024-12-15 23:54:05,445 ERROR auto_assemble_thucthicaulenh(1117) Zhuangzi2 pf 2312 3705
2024-12-15 23:54:05,659 ERROR auto_assemble_thucthicaulenh(1117) Zhuangzi1 pf 2310 3706
2024-12-15 23:54:05,742 ERROR auto_assemble_thucthicaulenh(1117) Zhuangzi2 pf 2312 3705
2024-12-15 23:54:05,928 ERROR auto_assemble_thucthicaulenh(1117) Zhuangzi1 pf 3252 3705
2024-12-15 23:54:06,057 ERROR auto_assemble_thucthicaulenh(1117) Zhuangzi2 pf 2313 3705
2024-12-15 23:54:06,222 ERROR auto_assemble_thucthicaulenh(1117) Zhuangzi1 pf 3252 3705
2024-12-15 23:54:06,331 ERROR auto_assemble_thucthicaulenh(1117) Zhuangzi2 pf 2310 3705
2024-12-15 23:54:06,540 ERROR auto_assemble_thucthicaulenh(1117) Zhuangzi1 pf 3252 3705
2024-12-15 23:54:06,790 ERROR auto_assemble_thucthicaulenh(1117) Zhuangzi2 pf 2310 3705
2024-12-15 23:54:06,896 ERROR auto_assemble_thucthicaulenh(1117) Zhuangzi1 pf 2310 3706
2024-12-15 23:54:06,978 ERROR auto_assemble_thucthicaulenh(1117) Zhuangzi2 pf 2316
2024-12-15 23:54:07,136 ERROR auto_assemble_thucthicaulenh(1117) Zhuangzi1 pf 2316
2024-12-15 23:54:07,265 ERROR auto_assemble_thucthicaulenh(1117) Zhuangzi2 pf 2316
2024-12-15 23:54:07,420 ERROR auto_assemble_thucthicaulenh(1117) Zhuangzi1 pf 2316
2024-12-15 23:54:07,566 ERROR auto_assemble_thucthicaulenh(1117) Zhuangzi2 pf 2316
2024-12-15 23:54:07,704 ERROR auto_assemble_thucthicaulenh(1117) Zhuangzi1 pf 2316
2024-12-15 23:54:07,851 ERROR auto_assemble_thucthicaulenh(1117) Zhuangzi2 pf 2316
2024-12-15 23:54:08,001 ERROR auto_assemble_thucthicaulenh(1117) Zhuangzi1 pf 2316
2024-12-15 23:54:08,114 ERROR auto_assemble_thucthicaulenh(1117) Zhuangzi2 pf 2310 3705
2024-12-15 23:54:08,272 ERROR auto_assemble_thucthicaulenh(1117) Zhuangzi1 pf 2310 3706
2024-12-15 23:54:08,433 ERROR auto_assemble_thucthicaulenh(1117) Zhuangzi2 pf 2310 3705
2024-12-15 23:54:08,552 ERROR auto_assemble_thucthicaulenh(1117) Zhuangzi1 pf 2310 3706
2024-12-15 23:54:08,717 ERROR auto_assemble_thucthicaulenh(1117) Zhuangzi2 pf 2310 3705
2024-12-15 23:54:08,829 ERROR auto_assemble_thucthicaulenh(1117) Zhuangzi1 pf 2310 3706
2024-12-15 23:54:08,969 ERROR auto_assemble_thucthicaulenh(1117) Zhuangzi2 pf 2316
2024-12-15 23:54:09,101 ERROR auto_assemble_thucthicaulenh(1117) Zhuangzi1 pf 2316
2024-12-15 23:54:09,266 ERROR auto_assemble_thucthicaulenh(1117) Zhuangzi2 pf 2316
2024-12-15 23:54:09,388 ERROR auto_assemble_thucthicaulenh(1117) Zhuangzi1 pf 2316
2024-12-15 23:54:09,555 ERROR auto_assemble_thucthicaulenh(1117) Zhuangzi2 pf 2316
2024-12-15 23:54:09,679 ERROR auto_assemble_thucthicaulenh(1117) Zhuangzi1 pf 2316
2024-12-15 23:54:09,831 ERROR auto_assemble_thucthicaulenh(1117) Zhuangzi2 pf 2316
2024-12-15 23:54:09,947 ERROR auto_assemble_thucthicaulenh(1117) Zhuangzi1 pf 3252 3705
2024-12-15 23:54:10,126 ERROR auto_assemble_thucthicaulenh(1117) Zhuangzi2 pf 2310 3705
2024-12-15 23:54:10,201 ERROR auto_assemble_thucthicaulenh(1117) Zhuangzi1 pf 2310 3706
2024-12-15 23:54:10,404 ERROR auto_assemble_thucthicaulenh(1117) Zhuangzi2 pf 2310 3705
2024-12-15 23:54:10,473 ERROR auto_assemble_thucthicaulenh(1117) Zhuangzi1 pf 2310 3706
2024-12-15 23:54:10,684 ERROR auto_assemble_thucthicaulenh(1117) Zhuangzi2 pf 2310 3705
2024-12-15 23:54:10,763 ERROR auto_assemble_thucthicaulenh(1117) Zhuangzi1 pf 2310 3706
2024-12-15 23:54:10,953 ERROR auto_assemble_thucthicaulenh(1117) Zhuangzi2 pf 2313 3705
2024-12-15 23:54:11,022 ERROR auto_assemble_thucthicaulenh(1117) Zhuangzi1 pf 3252 3705
2024-12-15 23:54:11,239 ERROR auto_assemble_thucthicaulenh(1117) Zhuangzi2 pf 2313 3705
2024-12-15 23:54:11,339 ERROR auto_assemble_thucthicaulenh(1117) Zhuangzi1 pf 3252 3705
2024-12-15 23:54:11,537 ERROR auto_assemble_thucthicaulenh(1117) Zhuangzi2 pf 2313 3705
2024-12-15 23:54:11,686 ERROR auto_assemble_thucthicaulenh(1117) Zhuangzi1 pf 3252 3705
2024-12-15 23:54:11,810 ERROR auto_assemble_thucthicaulenh(1117) Zhuangzi2 pf 2313 3705
2024-12-15 23:54:11,947 ERROR auto_assemble_thucthicaulenh(1117) Zhuangzi1 pf 2310 3706
2024-12-15 23:54:12,089 ERROR auto_assemble_thucthicaulenh(1117) Zhuangzi2 pf 2310 3705
2024-12-15 23:54:12,236 ERROR auto_assemble_thucthicaulenh(1117) Zhuangzi1 pf 2310 3706
2024-12-15 23:54:12,572 ERROR auto_assemble_thucthicaulenh(1117) Zhuangzi2 pf 2310 3705
2024-12-15 23:54:12,622 ERROR auto_assemble_thucthicaulenh(1117) Zhuangzi1 pf 2310 3706
2024-12-15 23:54:12,893 ERROR auto_assemble_thucthicaulenh(1117) Zhuangzi1 pf 2312 3706
2024-12-15 23:54:13,169 ERROR auto_assemble_thucthicaulenh(1117) Zhuangzi1 pf 2312 3706
2024-12-15 23:54:13,456 ERROR auto_assemble_thucthicaulenh(1117) Zhuangzi1 pf 2312 3706
2024-12-15 23:54:13,812 ERROR auto_assemble_thucthicaulenh(1117) Zhuangzi2 pf 2310 3705
2024-12-15 23:54:14,090 ERROR auto_assemble_thucthicaulenh(1117) Zhuangzi2 pf 2310 3705
2024-12-15 23:54:14,371 ERROR auto_assemble_thucthicaulenh(1117) Zhuangzi2 pf 2310 3705
2024-12-15 23:54:14,658 ERROR auto_assemble_thucthicaulenh(1117) Zhuangzi2 pf 2310 3705
2024-12-15 23:54:14,922 ERROR auto_assemble_thucthicaulenh(1117) Zhuangzi2 pf 2316
2024-12-15 23:54:14,923 ERROR auto_assemble_thucthicaulenh(1117) Zhuangzi1 pf 2310 3706
2024-12-15 23:54:15,189 ERROR auto_assemble_thucthicaulenh(1117) Zhuangzi1 pf 2316
2024-12-15 23:54:15,202 ERROR auto_assemble_thucthicaulenh(1117) Zhuangzi2 pf 2316
2024-12-15 23:54:15,477 ERROR auto_assemble_thucthicaulenh(1117) Zhuangzi2 pf 2316
2024-12-15 23:54:15,479 ERROR auto_assemble_thucthicaulenh(1117) Zhuangzi1 pf 2316
2024-12-15 23:54:15,740 ERROR auto_assemble_thucthicaulenh(1117) Zhuangzi2 pf 3254
2024-12-15 23:54:15,769 ERROR auto_assemble_thucthicaulenh(1117) Zhuangzi1 pf 2316
2024-12-15 23:54:15,993 ERROR auto_assemble_thucthicaulenh(1117) Zhuangzi2 pf 2310 3705
2024-12-15 23:54:16,032 ERROR auto_assemble_thucthicaulenh(1117) Zhuangzi1 pf 2314 3706
2024-12-15 23:54:16,284 ERROR auto_assemble_thucthicaulenh(1117) Zhuangzi1 pf 2310 3706
2024-12-15 23:54:16,288 ERROR auto_assemble_thucthicaulenh(1117) Zhuangzi2 pf 2310 3705
2024-12-15 23:54:16,587 ERROR auto_assemble_thucthicaulenh(1117) Zhuangzi2 pf 2310 3705
2024-12-15 23:54:16,591 ERROR auto_assemble_thucthicaulenh(1117) Zhuangzi1 use ce2c#
2024-12-15 23:54:16,851 ERROR auto_assemble_thucthicaulenh(1117) Zhuangzi1 pf 2310 3706
2024-12-15 23:54:16,871 ERROR auto_assemble_thucthicaulenh(1117) Zhuangzi2 pf 2310 3705
2024-12-15 23:54:17,102 ERROR auto_assemble_thucthicaulenh(1117) Zhuangzi1 pf 2314 3706
2024-12-15 23:54:17,141 ERROR auto_assemble_thucthicaulenh(1117) Zhuangzi2 pf 2316
2024-12-15 23:54:17,393 ERROR auto_assemble_thucthicaulenh(1117) Zhuangzi1 pf 2314 3706
2024-12-15 23:54:17,436 ERROR auto_assemble_thucthicaulenh(1117) Zhuangzi2 pf 2316
2024-12-15 23:54:17,667 ERROR auto_assemble_thucthicaulenh(1117) Zhuangzi1 pf 2314 3706
2024-12-15 23:54:17,750 ERROR auto_assemble_thucthicaulenh(1117) Zhuangzi2 pf 2316
2024-12-15 23:54:17,940 ERROR auto_assemble_thucthicaulenh(1117) Zhuangzi1 pf 3252 3705
2024-12-15 23:54:18,010 ERROR auto_assemble_thucthicaulenh(1117) Zhuangzi2 pf 2314 3705
2024-12-15 23:54:18,198 ERROR auto_assemble_thucthicaulenh(1117) Zhuangzi1 pf 2310 3706
2024-12-15 23:54:18,270 ERROR auto_assemble_thucthicaulenh(1117) Zhuangzi2 pf 3252 3706
2024-12-15 23:54:18,544 ERROR auto_assemble_thucthicaulenh(1117) Zhuangzi2 pf 3252 3706
2024-12-15 23:54:18,818 ERROR auto_assemble_thucthicaulenh(1117) Zhuangzi2 pf 3252 3706
2024-12-15 23:54:19,926 ERROR auto_assemble_dichuyen(1216) Zhuangzi1: auto_assemble_dichuyen: 785 533
2024-12-15 23:54:21,957 ERROR auto_assemble_thucthicaulenh(1117) Zhuangzi1 talk 1bc# 1
2024-12-15 23:54:22,030 ERROR auto_assemble_thucthicaulenh(1117) Zhuangzi2 pf 3252 3706
2024-12-15 23:54:22,959 ERROR auto_assemble_thucthicaulenh(1117) Zhuangzi1 talk 1b7# go
2024-12-15 23:54:25,180 ERROR auto_assemble_thucthicaulenh(1117) Zhuangzi2 pf 3252 3706
2024-12-15 23:54:26,083 ERROR auto_assemble_dichuyen(1216) Zhuangzi1: auto_assemble_dichuyen: 341 366
2024-12-15 23:54:27,112 ERROR auto_assemble_dichuyen(1216) Zhuangzi1: auto_assemble_dichuyen: 207 0
2024-12-15 23:54:27,152 ERROR auto_assemble_thucthicaulenh(1117) Zhuangzi1 pet d122# show
2024-12-15 23:54:28,389 ERROR auto_assemble_thucthicaulenh(1117) Zhuangzi2 pf 3252 3706
2024-12-15 23:54:29,751 ERROR auto_assemble_thucthicaulenh(1117) Zhuangzi1 pet d122# show
2024-12-15 23:54:32,188 ERROR auto_assemble_thucthicaulenh(1117) Zhuangzi1 pet d122# 3
2024-12-15 23:54:34,192 ERROR auto_assemble_thucthicaulenh(1117) Zhuangzi1 pet d122# 3
2024-12-15 23:54:36,199 ERROR auto_assemble_thucthicaulenh(1117) Zhuangzi1 pet d122# 3
2024-12-15 23:54:38,222 ERROR auto_assemble_thucthicaulenh(1117) Zhuangzi1 pet d122# 3
2024-12-15 23:54:40,228 ERROR auto_assemble_thucthicaulenh(1117) Zhuangzi1 pet d122# 3
2024-12-15 23:54:42,243 ERROR auto_assemble_thucthicaulenh(1117) Zhuangzi1 pet d122# 3
2024-12-15 23:54:44,266 ERROR auto_assemble_thucthicaulenh(1117) Zhuangzi1 pet d122# 3
2024-12-15 23:54:46,282 ERROR auto_assemble_thucthicaulenh(1117) Zhuangzi1 pet d122# 3
2024-12-15 23:54:48,297 ERROR auto_assemble_thucthicaulenh(1117) Zhuangzi1 pet d122# 3
2024-12-15 23:54:50,315 ERROR auto_assemble_thucthicaulenh(1117) Zhuangzi1 pet d122# 3
2024-12-15 23:54:52,324 ERROR auto_assemble_thucthicaulenh(1117) Zhuangzi1 pet d122# 3
2024-12-15 23:54:54,342 ERROR auto_assemble_thucthicaulenh(1117) Zhuangzi1 pet d122# 3
2024-12-15 23:54:56,358 ERROR auto_assemble_thucthicaulenh(1117) Zhuangzi1 pet d122# 3
2024-12-15 23:54:58,374 ERROR auto_assemble_thucthicaulenh(1117) Zhuangzi1 pet d122# 3
2024-12-15 23:55:00,381 ERROR auto_assemble_thucthicaulenh(1117) Zhuangzi1 pet d122# 3
2024-12-15 23:55:02,441 ERROR auto_assemble_thucthicaulenh(1117) Zhuangzi1 pet d122# 3
2024-12-15 23:55:04,447 ERROR auto_assemble_thucthicaulenh(1117) Zhuangzi1 pet d122# 3
2024-12-15 23:55:06,458 ERROR auto_assemble_thucthicaulenh(1117) Zhuangzi1 pet d122# 3
2024-12-15 23:55:08,476 ERROR auto_assemble_thucthicaulenh(1117) Zhuangzi1 pet d122# 3
2024-12-15 23:55:10,495 ERROR auto_assemble_thucthicaulenh(1117) Zhuangzi1 pet d122# 3
2024-12-15 23:55:12,569 ERROR auto_assemble_thucthicaulenh(1117) Zhuangzi1 pet d122# 3
2024-12-15 23:55:14,593 ERROR auto_assemble_thucthicaulenh(1117) Zhuangzi1 pet d122# 3
2024-12-15 23:55:16,611 ERROR auto_assemble_thucthicaulenh(1117) Zhuangzi1 pet d122# 3
2024-12-15 23:55:18,618 ERROR auto_assemble_thucthicaulenh(1117) Zhuangzi1 pet d122# 3
2024-12-15 23:55:20,629 ERROR auto_assemble_thucthicaulenh(1117) Zhuangzi1 pet d122# 3
2024-12-15 23:55:22,716 ERROR auto_assemble_thucthicaulenh(1117) Zhuangzi1 pet d122# 3
2024-12-15 23:55:24,730 ERROR auto_assemble_thucthicaulenh(1117) Zhuangzi1 pet d122# 3
2024-12-15 23:55:26,749 ERROR auto_assemble_thucthicaulenh(1117) Zhuangzi1 pet d122# 3
2024-12-15 23:55:28,761 ERROR auto_assemble_thucthicaulenh(1117) Zhuangzi1 pet d122# 3
2024-12-15 23:55:30,762 ERROR auto_assemble_thucthicaulenh(1117) Zhuangzi1 pet d122# 3
2024-12-15 23:55:33,004 ERROR auto_assemble_thucthicaulenh(1117) Zhuangzi1 pet d122# 3
2024-12-15 23:55:39,445 ERROR auto_assemble_thucthicaulenh(1117) Zhuangzi2 use d2d3#
2024-12-15 23:55:40,061 ERROR auto_assemble_thucthicaulenh(1117) Zhuangzi1 pf 3252 3705
2024-12-15 23:55:40,564 ERROR auto_assemble_thucthicaulenh(1117) Zhuangzi1 use ce32#
2024-12-15 23:55:43,245 ERROR auto_assemble_thucthicaulenh(1117) Zhuangzi1 pf 3252 3705
2024-12-15 23:55:44,157 ERROR auto_assemble_dichuyen(1216) Zhuangzi2: auto_assemble_dichuyen: 607 400
2024-12-15 23:55:44,879 ERROR auto_assemble_thucthicaulenh(1117) Zhuangzi1 pf 3254
2024-12-15 23:55:45,349 ERROR auto_assemble_thucthicaulenh(1117) Zhuangzi2 pf 2310 3705
2024-12-15 23:55:45,602 ERROR auto_assemble_thucthicaulenh(1117) Zhuangzi2 pf 2314 3705
2024-12-15 23:55:45,887 ERROR auto_assemble_thucthicaulenh(1117) Zhuangzi2 pf 2314 3705
2024-12-15 23:55:45,973 ERROR auto_assemble_dichuyen(1216) Zhuangzi1: auto_assemble_dichuyen: 385 266
2024-12-15 23:55:46,149 ERROR auto_assemble_thucthicaulenh(1117) Zhuangzi2 pf 2316
2024-12-15 23:55:46,305 ERROR auto_assemble_thucthicaulenh(1117) Zhuangzi1 pf 2310 3706
2024-12-15 23:55:46,393 ERROR auto_assemble_dichuyen(1216) Zhuangzi2: auto_assemble_dichuyen: 207 100
2024-12-15 23:55:46,435 ERROR auto_assemble_thucthicaulenh(1117) Zhuangzi2 pf 2314 3705
2024-12-15 23:55:46,580 ERROR auto_assemble_thucthicaulenh(1117) Zhuangzi1 pf 2314 3706
2024-12-15 23:55:46,736 ERROR auto_assemble_thucthicaulenh(1117) Zhuangzi2 pf 2310 3705
2024-12-15 23:55:46,866 ERROR auto_assemble_thucthicaulenh(1117) Zhuangzi1 pf 2314 3706
2024-12-15 23:55:47,032 ERROR auto_assemble_thucthicaulenh(1117) Zhuangzi2 pf 2310 3705
2024-12-15 23:55:47,147 ERROR auto_assemble_thucthicaulenh(1117) Zhuangzi1 pf 2314 3706
2024-12-15 23:55:47,334 ERROR auto_assemble_thucthicaulenh(1117) Zhuangzi2 pf 2310 3705
2024-12-15 23:55:47,441 ERROR auto_assemble_thucthicaulenh(1117) Zhuangzi1 pf 2314 3706
2024-12-15 23:55:47,626 ERROR auto_assemble_thucthicaulenh(1117) Zhuangzi2 pf 2310 3705
2024-12-15 23:55:47,710 ERROR auto_assemble_thucthicaulenh(1117) Zhuangzi1 pf 2310 3706
2024-12-15 23:55:47,807 ERROR auto_assemble_dichuyen(1216) Zhuangzi1: auto_assemble_dichuyen: 341 200
2024-12-15 23:55:47,976 ERROR auto_assemble_thucthicaulenh(1117) Zhuangzi1 pf 2214 3706
2024-12-15 23:55:48,267 ERROR auto_assemble_thucthicaulenh(1117) Zhuangzi1 pf 2214 3706
2024-12-15 23:55:48,547 ERROR auto_assemble_thucthicaulenh(1117) Zhuangzi1 pf 2214 3706
2024-12-15 23:55:48,829 ERROR auto_assemble_dichuyen(1216) Zhuangzi1: auto_assemble_dichuyen: 341 200
2024-12-15 23:55:48,889 ERROR auto_assemble_thucthicaulenh(1117) Zhuangzi1 pf 2214 3706
2024-12-15 23:55:49,154 ERROR auto_assemble_thucthicaulenh(1117) Zhuangzi1 pf 2216 82,65
2024-12-15 23:55:49,427 ERROR auto_assemble_thucthicaulenh(1117) Zhuangzi1 pf 2216 81,66
2024-12-15 23:55:49,600 ERROR auto_assemble_thucthicaulenh(1117) Zhuangzi2 pf 2310 3705
2024-12-15 23:55:49,740 ERROR auto_assemble_thucthicaulenh(1117) Zhuangzi1 pf 2310 3706
2024-12-15 23:55:49,858 ERROR auto_assemble_thucthicaulenh(1117) Zhuangzi2 pf 2314 3705
2024-12-15 23:55:49,993 ERROR auto_assemble_thucthicaulenh(1117) Zhuangzi1 pf 2314 3706
2024-12-15 23:55:50,149 ERROR auto_assemble_thucthicaulenh(1117) Zhuangzi2 pf 2314 3705
2024-12-15 23:55:50,269 ERROR auto_assemble_thucthicaulenh(1117) Zhuangzi1 pf 2314 3706
2024-12-15 23:55:50,456 ERROR auto_assemble_thucthicaulenh(1117) Zhuangzi2 pf 2316
2024-12-15 23:55:50,555 ERROR auto_assemble_thucthicaulenh(1117) Zhuangzi1 pf 2314 3706
2024-12-15 23:55:50,728 ERROR auto_assemble_thucthicaulenh(1117) Zhuangzi2 pf 2316
2024-12-15 23:55:50,814 ERROR auto_assemble_thucthicaulenh(1117) Zhuangzi1 pf 3252 3705
2024-12-15 23:55:50,993 ERROR auto_assemble_thucthicaulenh(1117) Zhuangzi2 pf 2310 3705
2024-12-15 23:55:51,100 ERROR auto_assemble_thucthicaulenh(1117) Zhuangzi1 pf 2310 3706
2024-12-15 23:55:51,280 ERROR auto_assemble_thucthicaulenh(1117) Zhuangzi2 pf 2310 3705
2024-12-15 23:55:51,386 ERROR auto_assemble_thucthicaulenh(1117) Zhuangzi1 pf 2310 3706
2024-12-15 23:55:51,565 ERROR auto_assemble_thucthicaulenh(1117) Zhuangzi2 pf 2310 3705
2024-12-15 23:55:51,687 ERROR auto_assemble_thucthicaulenh(1117) Zhuangzi1 pf 2310 3706
2024-12-15 23:55:51,823 ERROR auto_assemble_thucthicaulenh(1117) Zhuangzi2 pf 2314 3705
2024-12-15 23:55:51,944 ERROR auto_assemble_thucthicaulenh(1117) Zhuangzi1 pf 3252 3705
2024-12-15 23:55:52,132 ERROR auto_assemble_thucthicaulenh(1117) Zhuangzi2 pf 2314 3705
2024-12-15 23:55:52,257 ERROR auto_assemble_thucthicaulenh(1117) Zhuangzi1 pf 3252 3705
2024-12-15 23:55:52,422 ERROR auto_assemble_thucthicaulenh(1117) Zhuangzi2 pf 2314 3705
2024-12-15 23:55:52,555 ERROR auto_assemble_thucthicaulenh(1117) Zhuangzi1 pf 3252 3705
2024-12-15 23:55:52,688 ERROR auto_assemble_thucthicaulenh(1117) Zhuangzi2 pf 3254
2024-12-15 23:55:52,845 ERROR auto_assemble_thucthicaulenh(1117) Zhuangzi1 pf 3252 3705
2024-12-15 23:55:52,965 ERROR auto_assemble_thucthicaulenh(1117) Zhuangzi2 pf 3254
2024-12-15 23:55:53,105 ERROR auto_assemble_thucthicaulenh(1117) Zhuangzi1 pf 2310 3706
2024-12-15 23:55:53,249 ERROR auto_assemble_thucthicaulenh(1117) Zhuangzi2 pf 3254
2024-12-15 23:55:53,388 ERROR auto_assemble_thucthicaulenh(1117) Zhuangzi1 pf 2310 3706
2024-12-15 23:55:53,522 ERROR auto_assemble_thucthicaulenh(1117) Zhuangzi2 pf 3254
2024-12-15 23:55:53,662 ERROR auto_assemble_thucthicaulenh(1117) Zhuangzi1 pf 2310 3706
2024-12-15 23:55:53,811 ERROR auto_assemble_thucthicaulenh(1117) Zhuangzi2 pf 3254
2024-12-15 23:55:53,952 ERROR auto_assemble_thucthicaulenh(1117) Zhuangzi1 pf 3252 3705
2024-12-15 23:55:54,074 ERROR auto_assemble_thucthicaulenh(1117) Zhuangzi2 pf 2310 3705
2024-12-15 23:55:54,225 ERROR auto_assemble_thucthicaulenh(1117) Zhuangzi1 pf 3252 3705
2024-12-15 23:55:54,349 ERROR auto_assemble_thucthicaulenh(1117) Zhuangzi2 pf 2310 3705
2024-12-15 23:55:54,504 ERROR auto_assemble_thucthicaulenh(1117) Zhuangzi1 pf 3252 3705
2024-12-15 23:55:54,623 ERROR auto_assemble_thucthicaulenh(1117) Zhuangzi2 pf 2310 3705
2024-12-15 23:55:54,788 ERROR auto_assemble_thucthicaulenh(1117) Zhuangzi1 pf 3252 3705
2024-12-15 23:55:54,916 ERROR auto_assemble_thucthicaulenh(1117) Zhuangzi2 pf 2310 3705
2024-12-15 23:55:55,176 ERROR auto_assemble_thucthicaulenh(1117) Zhuangzi2 pf 2316
2024-12-15 23:55:55,461 ERROR auto_assemble_thucthicaulenh(1117) Zhuangzi2 pf 2316
2024-12-15 23:55:55,743 ERROR auto_assemble_thucthicaulenh(1117) Zhuangzi2 pf 2316
2024-12-15 23:55:56,007 ERROR auto_assemble_thucthicaulenh(1117) Zhuangzi2 pf 2314 3705
2024-12-15 23:55:56,193 ERROR auto_assemble_thucthicaulenh(1117) Zhuangzi1 pf 2310 3706
2024-12-15 23:55:56,264 ERROR auto_assemble_thucthicaulenh(1117) Zhuangzi2 pf 2310 3705
2024-12-15 23:55:56,451 ERROR auto_assemble_thucthicaulenh(1117) Zhuangzi1 pf 2312 3706
2024-12-15 23:55:56,549 ERROR auto_assemble_thucthicaulenh(1117) Zhuangzi2 pf 2310 3705
2024-12-15 23:55:56,739 ERROR auto_assemble_thucthicaulenh(1117) Zhuangzi1 pf 2312 3706
2024-12-15 23:55:56,830 ERROR auto_assemble_thucthicaulenh(1117) Zhuangzi2 pf 2310 3705
2024-12-15 23:55:57,046 ERROR auto_assemble_thucthicaulenh(1117) Zhuangzi1 pf 2313 3706
2024-12-15 23:55:57,141 ERROR auto_assemble_thucthicaulenh(1117) Zhuangzi2 pf 2314 3705
2024-12-15 23:55:57,395 ERROR auto_assemble_thucthicaulenh(1117) Zhuangzi1 pf 2310 3706
2024-12-15 23:55:57,419 ERROR auto_assemble_thucthicaulenh(1117) Zhuangzi2 pf 2314 3705
2024-12-15 23:55:57,678 ERROR auto_assemble_thucthicaulenh(1117) Zhuangzi1 pf 2310 3706
2024-12-15 23:55:57,693 ERROR auto_assemble_thucthicaulenh(1117) Zhuangzi2 pf 2314 3705
2024-12-15 23:55:57,964 ERROR auto_assemble_thucthicaulenh(1117) Zhuangzi1 pf 2310 3706
2024-12-15 23:55:57,980 ERROR auto_assemble_thucthicaulenh(1117) Zhuangzi2 pf 3252 3706
2024-12-15 23:55:58,213 ERROR auto_assemble_thucthicaulenh(1117) Zhuangzi1 pf 3252 3705
2024-12-15 23:55:58,254 ERROR auto_assemble_thucthicaulenh(1117) Zhuangzi2 pf 2310 3705
2024-12-15 23:55:58,496 ERROR auto_assemble_thucthicaulenh(1117) Zhuangzi1 pf 3252 3705
2024-12-15 23:55:58,549 ERROR auto_assemble_thucthicaulenh(1117) Zhuangzi2 pf 2310 3705
2024-12-15 23:55:58,828 ERROR auto_assemble_thucthicaulenh(1117) Zhuangzi2 pf 2310 3705
2024-12-15 23:55:58,970 ERROR auto_assemble_dichuyen(1216) Zhuangzi2: auto_assemble_dichuyen: 207 133
2024-12-15 23:55:58,993 ERROR auto_assemble_thucthicaulenh(1117) Zhuangzi1 pf 3252 3705
2024-12-15 23:55:59,121 ERROR auto_assemble_thucthicaulenh(1117) Zhuangzi2 pf 3252 3706
2024-12-15 23:55:59,246 ERROR auto_assemble_thucthicaulenh(1117) Zhuangzi1 pf 2310 3706
2024-12-15 23:55:59,417 ERROR auto_assemble_thucthicaulenh(1117) Zhuangzi2 pf 3252 3706
2024-12-15 23:55:59,533 ERROR auto_assemble_thucthicaulenh(1117) Zhuangzi1 pf 2310 3706
2024-12-15 23:55:59,695 ERROR auto_assemble_thucthicaulenh(1117) Zhuangzi2 pf 3252 3706
2024-12-15 23:55:59,807 ERROR auto_assemble_thucthicaulenh(1117) Zhuangzi1 pf 2310 3706
2024-12-15 23:56:00,140 ERROR auto_assemble_thucthicaulenh(1117) Zhuangzi1 use ce2c#
2024-12-15 23:56:00,405 ERROR auto_assemble_thucthicaulenh(1117) Zhuangzi2 pf 2310 3705
2024-12-15 23:56:00,692 ERROR auto_assemble_thucthicaulenh(1117) Zhuangzi2 pf 2310 3705
2024-12-15 23:56:00,953 ERROR auto_assemble_thucthicaulenh(1117) Zhuangzi2 pf 2316
2024-12-15 23:56:01,193 ERROR auto_assemble_thucthicaulenh(1117) Zhuangzi1 use ce2c#
2024-12-15 23:56:01,230 ERROR auto_assemble_thucthicaulenh(1117) Zhuangzi2 pf 2316
2024-12-15 23:56:01,521 ERROR auto_assemble_thucthicaulenh(1117) Zhuangzi2 pf 2316
2024-12-15 23:56:02,152 ERROR auto_assemble_thucthicaulenh(1117) Zhuangzi2 pf 3252 3706
2024-12-15 23:56:02,442 ERROR auto_assemble_thucthicaulenh(1117) Zhuangzi2 pf 3252 3706
2024-12-15 23:56:03,050 ERROR auto_assemble_thucthicaulenh(1117) Zhuangzi1 pf 3252 3705
2024-12-15 23:56:04,384 ERROR auto_assemble_thucthicaulenh(1117) Zhuangzi1 pet d122# show
2024-12-15 23:56:05,098 ERROR auto_assemble_thucthicaulenh(1117) Zhuangzi1 pet d122# 3
2024-12-15 23:56:06,245 ERROR auto_assemble_thucthicaulenh(1117) Zhuangzi1 pf 3252 3705
2024-12-15 23:56:07,103 ERROR auto_assemble_thucthicaulenh(1117) Zhuangzi1 pet d122# 3
2024-12-15 23:56:09,108 ERROR auto_assemble_thucthicaulenh(1117) Zhuangzi1 pet d122# 3
2024-12-15 23:56:09,530 ERROR auto_assemble_thucthicaulenh(1117) Zhuangzi1 pf 3252 3705
2024-12-15 23:56:11,152 ERROR auto_assemble_thucthicaulenh(1117) Zhuangzi1 pet d122# 3
2024-12-15 23:56:12,744 ERROR auto_assemble_thucthicaulenh(1117) Zhuangzi1 pf 3252 3705
2024-12-15 23:56:15,182 ERROR auto_assemble_thucthicaulenh(1117) Zhuangzi1 pet d122# 3
2024-12-15 23:56:15,887 ERROR auto_assemble_thucthicaulenh(1117) Zhuangzi1 pf 3252 3705
2024-12-15 23:56:16,167 ERROR auto_assemble_thucthicaulenh(1117) Zhuangzi1 pf 3252 3705
2024-12-15 23:56:16,448 ERROR auto_assemble_thucthicaulenh(1117) Zhuangzi1 pf 3252 3705
2024-12-15 23:56:16,741 ERROR auto_assemble_thucthicaulenh(1117) Zhuangzi1 pf 3252 3705
2024-12-15 23:56:19,200 ERROR auto_assemble_thucthicaulenh(1117) Zhuangzi1 pet d122# 3
2024-12-15 23:56:19,875 ERROR auto_assemble_thucthicaulenh(1117) Zhuangzi1 pf 3252 3705
2024-12-15 23:56:21,209 ERROR auto_assemble_thucthicaulenh(1117) Zhuangzi1 pet d122# 3
2024-12-15 23:56:23,105 ERROR auto_assemble_thucthicaulenh(1117) Zhuangzi1 pf 3252 3705
2024-12-15 23:56:25,243 ERROR auto_assemble_thucthicaulenh(1117) Zhuangzi1 pet d122# 3
2024-12-15 23:56:26,372 ERROR auto_assemble_thucthicaulenh(1117) Zhuangzi1 pf 3252 3705
2024-12-15 23:56:26,662 ERROR auto_assemble_thucthicaulenh(1117) Zhuangzi1 pf 3252 3705
2024-12-15 23:56:32,017 ERROR auto_assemble_thucthicaulenh(1117) Zhuangzi2 use d2d3#
2024-12-15 23:56:32,822 ERROR auto_assemble_thucthicaulenh(1117) Zhuangzi1 pf 3252 3705
2024-12-15 23:56:33,361 ERROR auto_assemble_thucthicaulenh(1117) Zhuangzi1 use ce32#
2024-12-15 23:56:34,303 ERROR auto_assemble_thucthicaulenh(1117) Zhuangzi1 pet d122# 3
2024-12-15 23:56:36,119 ERROR auto_assemble_thucthicaulenh(1117) Zhuangzi1 pf 3252 3705
2024-12-15 23:56:38,337 ERROR auto_assemble_thucthicaulenh(1117) Zhuangzi1 pet d122# 3
2024-12-15 23:56:40,353 ERROR auto_assemble_thucthicaulenh(1117) Zhuangzi1 pet d122# 3
2024-12-15 23:56:42,360 ERROR auto_assemble_thucthicaulenh(1117) Zhuangzi1 pet d122# 3
2024-12-15 23:56:44,372 ERROR auto_assemble_thucthicaulenh(1117) Zhuangzi1 pet d122# 3
2024-12-15 23:56:46,385 ERROR auto_assemble_thucthicaulenh(1117) Zhuangzi1 pet d122# 3
2024-12-15 23:56:48,418 ERROR auto_assemble_thucthicaulenh(1117) Zhuangzi1 pet d122# 3
2024-12-15 23:56:50,436 ERROR auto_assemble_thucthicaulenh(1117) Zhuangzi1 pet d122# 3
2024-12-15 23:56:57,635 ERROR auto_assemble_thucthicaulenh(1117) Zhuangzi2 use d2d3#
2024-12-15 23:56:58,175 ERROR auto_assemble_thucthicaulenh(1117) Zhuangzi1 use ce32#
2024-12-15 23:57:02,284 ERROR auto_assemble_dichuyen(1216) Zhuangzi2: auto_assemble_dichuyen: 252 233
2024-12-15 23:57:03,009 ERROR auto_assemble_dichuyen(1216) Zhuangzi1: auto_assemble_dichuyen: 518 333
2024-12-15 23:57:03,507 ERROR auto_assemble_thucthicaulenh(1117) Zhuangzi2 pf 2310 3705
2024-12-15 23:57:03,630 ERROR auto_assemble_thucthicaulenh(1117) Zhuangzi1 pf 2310 3706
2024-12-15 23:57:03,779 ERROR auto_assemble_thucthicaulenh(1117) Zhuangzi2 pf 2316
2024-12-15 23:57:03,906 ERROR auto_assemble_thucthicaulenh(1117) Zhuangzi1 pf 2314 3706
2024-12-15 23:57:04,075 ERROR auto_assemble_thucthicaulenh(1117) Zhuangzi2 pf 2316
2024-12-15 23:57:04,229 ERROR auto_assemble_thucthicaulenh(1117) Zhuangzi1 pf 2314 3706
2024-12-15 23:57:04,356 ERROR auto_assemble_thucthicaulenh(1117) Zhuangzi2 pf 2316
2024-12-15 23:57:04,488 ERROR auto_assemble_thucthicaulenh(1117) Zhuangzi1 pf 3254
2024-12-15 23:57:04,634 ERROR auto_assemble_thucthicaulenh(1117) Zhuangzi2 pf 2314 3705
2024-12-15 23:57:04,744 ERROR auto_assemble_thucthicaulenh(1117) Zhuangzi1 pf 2310 3706
2024-12-15 23:57:04,900 ERROR auto_assemble_thucthicaulenh(1117) Zhuangzi2 pf 2310 3705
2024-12-15 23:57:05,066 ERROR auto_assemble_thucthicaulenh(1117) Zhuangzi1 pf 2314 3706
2024-12-15 23:57:05,180 ERROR auto_assemble_thucthicaulenh(1117) Zhuangzi2 pf 2314 3705
2024-12-15 23:57:05,342 ERROR auto_assemble_thucthicaulenh(1117) Zhuangzi1 pf 2314 3706
2024-12-15 23:57:05,469 ERROR auto_assemble_thucthicaulenh(1117) Zhuangzi2 pf 2314 3705
2024-12-15 23:57:05,620 ERROR auto_assemble_thucthicaulenh(1117) Zhuangzi1 pf 2314 3706
2024-12-15 23:57:05,750 ERROR auto_assemble_thucthicaulenh(1117) Zhuangzi2 pf 2314 3705
2024-12-15 23:57:05,913 ERROR auto_assemble_thucthicaulenh(1117) Zhuangzi1 pf 2314 3706
2024-12-15 23:57:06,000 ERROR auto_assemble_thucthicaulenh(1117) Zhuangzi2 pf 2312 3705
2024-12-15 23:57:06,180 ERROR auto_assemble_thucthicaulenh(1117) Zhuangzi1 pf 2310 3706
2024-12-15 23:57:06,262 ERROR auto_assemble_thucthicaulenh(1117) Zhuangzi2 pf 2310 3705
2024-12-15 23:57:06,470 ERROR auto_assemble_thucthicaulenh(1117) Zhuangzi1 pf 2310 3706
2024-12-15 23:57:06,551 ERROR auto_assemble_thucthicaulenh(1117) Zhuangzi2 pf 2310 3705
2024-12-15 23:57:06,747 ERROR auto_assemble_thucthicaulenh(1117) Zhuangzi1 pf 2310 3706
2024-12-15 23:57:06,837 ERROR auto_assemble_thucthicaulenh(1117) Zhuangzi2 pf 2310 3705
2024-12-15 23:57:07,013 ERROR auto_assemble_thucthicaulenh(1117) Zhuangzi1 pf 3252 3705
2024-12-15 23:57:07,087 ERROR auto_assemble_thucthicaulenh(1117) Zhuangzi2 pf 2312 3705
2024-12-15 23:57:07,304 ERROR auto_assemble_thucthicaulenh(1117) Zhuangzi1 pf 3252 3705
2024-12-15 23:57:07,367 ERROR auto_assemble_thucthicaulenh(1117) Zhuangzi2 pf 2312 3705
2024-12-15 23:57:07,582 ERROR auto_assemble_thucthicaulenh(1117) Zhuangzi1 pf 3252 3705
2024-12-15 23:57:07,655 ERROR auto_assemble_thucthicaulenh(1117) Zhuangzi2 pf 2312 3705
2024-12-15 23:57:07,863 ERROR auto_assemble_thucthicaulenh(1117) Zhuangzi1 pf 2312 3706
2024-12-15 23:57:07,912 ERROR auto_assemble_thucthicaulenh(1117) Zhuangzi2 pf 2313 3705
2024-12-15 23:57:08,132 ERROR auto_assemble_thucthicaulenh(1117) Zhuangzi1 pf 2310 3706
2024-12-15 23:57:08,166 ERROR auto_assemble_thucthicaulenh(1117) Zhuangzi2 pf 2310 3705
2024-12-15 23:57:08,410 ERROR auto_assemble_thucthicaulenh(1117) Zhuangzi1 pf 2310 3706
2024-12-15 23:57:08,456 ERROR auto_assemble_thucthicaulenh(1117) Zhuangzi2 pf 2310 3705
2024-12-15 23:57:08,733 ERROR auto_assemble_thucthicaulenh(1117) Zhuangzi2 pf 2310 3705
2024-12-15 23:57:08,996 ERROR auto_assemble_thucthicaulenh(1117) Zhuangzi2 pf 2316
2024-12-15 23:57:09,285 ERROR auto_assemble_thucthicaulenh(1117) Zhuangzi2 pf 2316
2024-12-15 23:57:09,565 ERROR auto_assemble_thucthicaulenh(1117) Zhuangzi2 pf 2316
2024-12-15 23:57:09,841 ERROR auto_assemble_thucthicaulenh(1117) Zhuangzi2 pf 2313 3705
2024-12-15 23:57:09,900 ERROR auto_assemble_thucthicaulenh(1117) Zhuangzi1 pf 2310 3706
2024-12-15 23:57:10,105 ERROR auto_assemble_thucthicaulenh(1117) Zhuangzi2 pf 2310 3705
2024-12-15 23:57:10,155 ERROR auto_assemble_thucthicaulenh(1117) Zhuangzi1 pf 2312 3706
2024-12-15 23:57:10,381 ERROR auto_assemble_thucthicaulenh(1117) Zhuangzi2 pf 2310 3705
2024-12-15 23:57:10,435 ERROR auto_assemble_thucthicaulenh(1117) Zhuangzi1 pf 2312 3706
2024-12-15 23:57:10,666 ERROR auto_assemble_thucthicaulenh(1117) Zhuangzi2 pf 2310 3705
2024-12-15 23:57:10,712 ERROR auto_assemble_thucthicaulenh(1117) Zhuangzi1 pf 2312 3706
2024-12-15 23:57:10,943 ERROR auto_assemble_thucthicaulenh(1117) Zhuangzi2 pf 2310 3705
2024-12-15 23:57:10,976 ERROR auto_assemble_thucthicaulenh(1117) Zhuangzi1 pf 3252 3705
2024-12-15 23:57:11,217 ERROR auto_assemble_thucthicaulenh(1117) Zhuangzi2 pf 2310 3705
2024-12-15 23:57:11,245 ERROR auto_assemble_thucthicaulenh(1117) Zhuangzi1 pf 2310 3706
2024-12-15 23:57:11,502 ERROR auto_assemble_thucthicaulenh(1117) Zhuangzi2 pf 2310 3705
2024-12-15 23:57:11,526 ERROR auto_assemble_thucthicaulenh(1117) Zhuangzi1 pf 2310 3706
2024-12-15 23:57:11,800 ERROR auto_assemble_thucthicaulenh(1117) Zhuangzi2 pf 2310 3705
2024-12-15 23:57:11,800 ERROR auto_assemble_thucthicaulenh(1117) Zhuangzi1 pf 2310 3706
2024-12-15 23:57:12,054 ERROR auto_assemble_thucthicaulenh(1117) Zhuangzi2 pf 2313 3705
2024-12-15 23:57:12,062 ERROR auto_assemble_thucthicaulenh(1117) Zhuangzi1 pf 3252 3705
2024-12-15 23:57:12,336 ERROR auto_assemble_thucthicaulenh(1117) Zhuangzi2 pf 2313 3705
2024-12-15 23:57:12,340 ERROR auto_assemble_thucthicaulenh(1117) Zhuangzi1 pf 3252 3705
2024-12-15 23:57:12,629 ERROR auto_assemble_thucthicaulenh(1117) Zhuangzi2 pf 2313 3705
2024-12-15 23:57:12,640 ERROR auto_assemble_thucthicaulenh(1117) Zhuangzi1 pf 3252 3705
2024-12-15 23:57:12,896 ERROR auto_assemble_thucthicaulenh(1117) Zhuangzi1 pf 2312 3706
2024-12-15 23:57:12,987 ERROR auto_assemble_thucthicaulenh(1117) Zhuangzi2 pf 2310 3705
2024-12-15 23:57:13,151 ERROR auto_assemble_thucthicaulenh(1117) Zhuangzi1 pf 2310 3706
2024-12-15 23:57:13,264 ERROR auto_assemble_thucthicaulenh(1117) Zhuangzi2 pf 2310 3705
2024-12-15 23:57:13,547 ERROR auto_assemble_thucthicaulenh(1117) Zhuangzi2 pf 2310 3705
2024-12-15 23:57:13,839 ERROR auto_assemble_thucthicaulenh(1117) Zhuangzi2 pf 2310 3705
2024-12-15 23:57:14,121 ERROR auto_assemble_thucthicaulenh(1117) Zhuangzi2 pf 2316
2024-12-15 23:57:14,383 ERROR auto_assemble_thucthicaulenh(1117) Zhuangzi1 pf 2310 3706
2024-12-15 23:57:14,408 ERROR auto_assemble_thucthicaulenh(1117) Zhuangzi2 pf 2316
2024-12-15 23:57:14,653 ERROR auto_assemble_thucthicaulenh(1117) Zhuangzi1 pf 2312 3706
2024-12-15 23:57:14,685 ERROR auto_assemble_thucthicaulenh(1117) Zhuangzi2 pf 2316
2024-12-15 23:57:14,940 ERROR auto_assemble_thucthicaulenh(1117) Zhuangzi1 pf 2312 3706
2024-12-15 23:57:15,075 ERROR auto_assemble_thucthicaulenh(1117) Zhuangzi2 pf 2310 3705
2024-12-15 23:57:15,201 ERROR auto_assemble_thucthicaulenh(1117) Zhuangzi1 pf 2313 3706
2024-12-15 23:57:15,376 ERROR auto_assemble_thucthicaulenh(1117) Zhuangzi2 pf 2310 3705
2024-12-15 23:57:15,477 ERROR auto_assemble_thucthicaulenh(1117) Zhuangzi1 pf 2313 3706
2024-12-15 23:57:15,649 ERROR auto_assemble_thucthicaulenh(1117) Zhuangzi2 pf 2310 3705
2024-12-15 23:57:15,746 ERROR auto_assemble_thucthicaulenh(1117) Zhuangzi1 pf 2310 3706
2024-12-15 23:57:15,938 ERROR auto_assemble_thucthicaulenh(1117) Zhuangzi2 pf 2314 3705
2024-12-15 23:57:16,008 ERROR auto_assemble_thucthicaulenh(1117) Zhuangzi1 pf 3252 3705
2024-12-15 23:57:16,216 ERROR auto_assemble_thucthicaulenh(1117) Zhuangzi2 pf 2314 3705
2024-12-15 23:57:16,265 ERROR auto_assemble_thucthicaulenh(1117) Zhuangzi1 pf 2314 3706
2024-12-15 23:57:16,491 ERROR auto_assemble_thucthicaulenh(1117) Zhuangzi2 pf 2314 3705
2024-12-15 23:57:16,553 ERROR auto_assemble_thucthicaulenh(1117) Zhuangzi1 pf 2314 3706
2024-12-15 23:57:16,768 ERROR auto_assemble_thucthicaulenh(1117) Zhuangzi2 pf 2314 3705
2024-12-15 23:57:16,805 ERROR auto_assemble_thucthicaulenh(1117) Zhuangzi1 pf 3252 3705
2024-12-15 23:57:17,032 ERROR auto_assemble_thucthicaulenh(1117) Zhuangzi2 pf 2310 3705
2024-12-15 23:57:17,062 ERROR auto_assemble_thucthicaulenh(1117) Zhuangzi1 pf 2310 3706
2024-12-15 23:57:17,322 ERROR auto_assemble_thucthicaulenh(1117) Zhuangzi2 pf 2310 3705
2024-12-15 23:57:17,348 ERROR auto_assemble_thucthicaulenh(1117) Zhuangzi1 pf 2310 3706
2024-12-15 23:57:17,607 ERROR auto_assemble_thucthicaulenh(1117) Zhuangzi2 pf 2310 3705
2024-12-15 23:57:17,631 ERROR auto_assemble_thucthicaulenh(1117) Zhuangzi1 pf 2310 3706
2024-12-15 23:57:17,888 ERROR auto_assemble_thucthicaulenh(1117) Zhuangzi1 pf 3252 3705
2024-12-15 23:57:18,175 ERROR auto_assemble_thucthicaulenh(1117) Zhuangzi1 pf 3252 3705
2024-12-15 23:57:18,483 ERROR auto_assemble_thucthicaulenh(1117) Zhuangzi1 pf 3252 3705
2024-12-15 23:57:18,775 ERROR auto_assemble_thucthicaulenh(1117) Zhuangzi1 pf 3252 3705
2024-12-15 23:57:18,813 ERROR auto_assemble_thucthicaulenh(1117) Zhuangzi2 pf 2310 3705
2024-12-15 23:57:19,041 ERROR auto_assemble_thucthicaulenh(1117) Zhuangzi1 pf 2310 3706
2024-12-15 23:57:19,095 ERROR auto_assemble_thucthicaulenh(1117) Zhuangzi2 pf 2310 3705
2024-12-15 23:57:19,323 ERROR auto_assemble_thucthicaulenh(1117) Zhuangzi1 pf 2310 3706
2024-12-15 23:57:19,387 ERROR auto_assemble_thucthicaulenh(1117) Zhuangzi2 pf 2310 3705
2024-12-15 23:57:19,599 ERROR auto_assemble_thucthicaulenh(1117) Zhuangzi1 pf 2310 3706
2024-12-15 23:57:19,678 ERROR auto_assemble_thucthicaulenh(1117) Zhuangzi2 pf 2310 3705
2024-12-15 23:57:19,872 ERROR auto_assemble_thucthicaulenh(1117) Zhuangzi1 pf 2310 3706
2024-12-15 23:57:19,939 ERROR auto_assemble_thucthicaulenh(1117) Zhuangzi2 pf 2316
2024-12-15 23:57:20,138 ERROR auto_assemble_thucthicaulenh(1117) Zhuangzi1 pf 3252 3705
2024-12-15 23:57:20,220 ERROR auto_assemble_thucthicaulenh(1117) Zhuangzi2 pf 2316
2024-12-15 23:57:20,424 ERROR auto_assemble_thucthicaulenh(1117) Zhuangzi1 pf 3252 3705
2024-12-15 23:57:20,497 ERROR auto_assemble_thucthicaulenh(1117) Zhuangzi2 pf 2316
2024-12-15 23:57:20,710 ERROR auto_assemble_thucthicaulenh(1117) Zhuangzi1 use ce2c#
2024-12-15 23:57:20,789 ERROR auto_assemble_thucthicaulenh(1117) Zhuangzi2 pf 2316
2024-12-15 23:57:20,983 ERROR auto_assemble_thucthicaulenh(1117) Zhuangzi1 pf 3252 3705
2024-12-15 23:57:21,061 ERROR auto_assemble_thucthicaulenh(1117) Zhuangzi2 pf 2310 3705
2024-12-15 23:57:21,249 ERROR auto_assemble_thucthicaulenh(1117) Zhuangzi1 pf 2310 3706
2024-12-15 23:57:21,345 ERROR auto_assemble_thucthicaulenh(1117) Zhuangzi2 pf 2310 3705
2024-12-15 23:57:23,072 ERROR auto_assemble_thucthicaulenh(1117) Zhuangzi1 pet d122# show
2024-12-15 23:57:24,056 ERROR auto_assemble_thucthicaulenh(1117) Zhuangzi1 pet d122# 3
2024-12-15 23:57:24,309 ERROR auto_assemble_thucthicaulenh(1117) Zhuangzi1 pf 3252 3705
2024-12-15 23:57:26,065 ERROR auto_assemble_thucthicaulenh(1117) Zhuangzi1 pet d122# 3
2024-12-15 23:57:27,527 ERROR auto_assemble_thucthicaulenh(1117) Zhuangzi1 pf 3252 3705
2024-12-15 23:57:28,080 ERROR auto_assemble_thucthicaulenh(1117) Zhuangzi1 pet d122# 3
2024-12-15 23:57:30,085 ERROR auto_assemble_thucthicaulenh(1117) Zhuangzi1 pet d122# 3
2024-12-15 23:57:30,744 ERROR auto_assemble_thucthicaulenh(1117) Zhuangzi1 pf 3252 3705
2024-12-15 23:57:32,125 ERROR auto_assemble_thucthicaulenh(1117) Zhuangzi1 pet d122# 3
2024-12-15 23:57:33,953 ERROR auto_assemble_thucthicaulenh(1117) Zhuangzi1 pf 3252 3705
2024-12-15 23:57:36,155 ERROR auto_assemble_thucthicaulenh(1117) Zhuangzi1 pet d122# 3
2024-12-15 23:57:37,162 ERROR auto_assemble_thucthicaulenh(1117) Zhuangzi1 pf 3252 3705
2024-12-15 23:57:38,165 ERROR auto_assemble_thucthicaulenh(1117) Zhuangzi1 pet d122# 3
2024-12-15 23:57:40,188 ERROR auto_assemble_thucthicaulenh(1117) Zhuangzi1 pet d122# 3
2024-12-15 23:57:40,442 ERROR auto_assemble_thucthicaulenh(1117) Zhuangzi1 pf 3252 3705
2024-12-15 23:57:42,206 ERROR auto_assemble_thucthicaulenh(1117) Zhuangzi1 pet d122# 3
2024-12-15 23:57:43,657 ERROR auto_assemble_thucthicaulenh(1117) Zhuangzi1 pf 3252 3705
2024-12-15 23:57:44,236 ERROR auto_assemble_thucthicaulenh(1117) Zhuangzi1 pet d122# 3
2024-12-15 23:57:46,242 ERROR auto_assemble_thucthicaulenh(1117) Zhuangzi1 pet d122# 3
2024-12-15 23:57:46,893 ERROR auto_assemble_thucthicaulenh(1117) Zhuangzi1 pf 3252 3705
2024-12-15 23:57:48,249 ERROR auto_assemble_thucthicaulenh(1117) Zhuangzi1 pet d122# 3
2024-12-15 23:57:50,142 ERROR auto_assemble_thucthicaulenh(1117) Zhuangzi1 pf 3252 3705
2024-12-15 23:57:56,293 ERROR auto_assemble_thucthicaulenh(1117) Zhuangzi2 use d2d3#
2024-12-15 23:57:56,999 ERROR auto_assemble_thucthicaulenh(1117) Zhuangzi1 use ce32#
2024-12-15 23:57:57,259 ERROR auto_assemble_thucthicaulenh(1117) Zhuangzi1 pf 3252 3705
2024-12-15 23:58:00,496 ERROR auto_assemble_thucthicaulenh(1117) Zhuangzi1 pf 3252 3705
2024-12-15 23:58:12,576 ERROR auto_assemble_thucthicaulenh(1117) Zhuangzi2 use d2d3#
2024-12-15 23:58:13,202 ERROR auto_assemble_thucthicaulenh(1117) Zhuangzi1 use ce32#
2024-12-15 23:58:13,628 ERROR auto_assemble_thucthicaulenh(1117) Zhuangzi2 pf 2310 3705
2024-12-15 23:58:13,909 ERROR auto_assemble_thucthicaulenh(1117) Zhuangzi2 pf 2310 3705
2024-12-15 23:58:14,193 ERROR auto_assemble_thucthicaulenh(1117) Zhuangzi2 pf 2310 3705
2024-12-15 23:58:14,423 ERROR auto_assemble_thucthicaulenh(1117) Zhuangzi1 pf 2310 3706
2024-12-15 23:58:14,476 ERROR auto_assemble_thucthicaulenh(1117) Zhuangzi2 pf 2310 3705
2024-12-15 23:58:14,729 ERROR auto_assemble_thucthicaulenh(1117) Zhuangzi1 pf 2310 3706
2024-12-15 23:58:14,761 ERROR auto_assemble_thucthicaulenh(1117) Zhuangzi2 pf 2310 3705
2024-12-15 23:58:15,020 ERROR auto_assemble_thucthicaulenh(1117) Zhuangzi1 pf 2310 3706
2024-12-15 23:58:15,047 ERROR auto_assemble_thucthicaulenh(1117) Zhuangzi2 pf 2310 3705
2024-12-15 23:58:15,285 ERROR auto_assemble_dichuyen(1216) Zhuangzi1: auto_assemble_dichuyen: 430 266
2024-12-15 23:58:15,342 ERROR auto_assemble_thucthicaulenh(1117) Zhuangzi1 pf 2310 3706
2024-12-15 23:58:15,343 ERROR auto_assemble_thucthicaulenh(1117) Zhuangzi2 pf 2310 3705
2024-12-15 23:58:15,625 ERROR auto_assemble_thucthicaulenh(1117) Zhuangzi1 pf 2310 3706
2024-12-15 23:58:15,628 ERROR auto_assemble_thucthicaulenh(1117) Zhuangzi2 pf 2310 3705
2024-12-15 23:58:15,912 ERROR auto_assemble_thucthicaulenh(1117) Zhuangzi1 pf 2310 3706
2024-12-15 23:58:15,919 ERROR auto_assemble_thucthicaulenh(1117) Zhuangzi2 pf 2310 3705
2024-12-15 23:58:16,198 ERROR auto_assemble_thucthicaulenh(1117) Zhuangzi1 pf 2310 3706
2024-12-15 23:58:16,204 ERROR auto_assemble_thucthicaulenh(1117) Zhuangzi2 pf 2310 3705
2024-12-15 23:58:16,486 ERROR auto_assemble_thucthicaulenh(1117) Zhuangzi1 pf 2310 3706
2024-12-15 23:58:16,493 ERROR auto_assemble_thucthicaulenh(1117) Zhuangzi2 pf 2310 3705
2024-12-15 23:58:16,771 ERROR auto_assemble_thucthicaulenh(1117) Zhuangzi1 pf 2310 3706
2024-12-15 23:58:16,774 ERROR auto_assemble_thucthicaulenh(1117) Zhuangzi2 pf 2310 3705
2024-12-15 23:58:17,061 ERROR auto_assemble_thucthicaulenh(1117) Zhuangzi1 pf 2310 3706
2024-12-15 23:58:17,066 ERROR auto_assemble_thucthicaulenh(1117) Zhuangzi2 pf 2310 3705
2024-12-15 23:58:17,336 ERROR auto_assemble_thucthicaulenh(1117) Zhuangzi1 pf 2310 3706
2024-12-15 23:58:17,359 ERROR auto_assemble_thucthicaulenh(1117) Zhuangzi2 pf 2310 3705
2024-12-15 23:58:17,404 ERROR auto_assemble_dichuyen(1216) Zhuangzi2: auto_assemble_dichuyen: 430 333
2024-12-15 23:58:17,448 ERROR auto_assemble_dichuyen(1216) Zhuangzi1: auto_assemble_dichuyen: 430 266
2024-12-15 23:58:17,764 ERROR auto_assemble_thucthicaulenh(1117) Zhuangzi2 pf 2310 3705
2024-12-15 23:58:17,780 ERROR auto_assemble_thucthicaulenh(1117) Zhuangzi1 pf 2310 3706
2024-12-15 23:58:18,031 ERROR auto_assemble_thucthicaulenh(1117) Zhuangzi1 pf 2316
2024-12-15 23:58:18,048 ERROR auto_assemble_thucthicaulenh(1117) Zhuangzi2 pf 2316
2024-12-15 23:58:18,308 ERROR auto_assemble_thucthicaulenh(1117) Zhuangzi1 pf 2316
2024-12-15 23:58:18,334 ERROR auto_assemble_thucthicaulenh(1117) Zhuangzi2 pf 2316
2024-12-15 23:58:18,406 ERROR auto_assemble_dichuyen(1216) Zhuangzi2: auto_assemble_dichuyen: 518 100
2024-12-15 23:58:18,450 ERROR auto_assemble_dichuyen(1216) Zhuangzi1: auto_assemble_dichuyen: 341 566
2024-12-15 23:58:18,589 ERROR auto_assemble_thucthicaulenh(1117) Zhuangzi2 pf 3254
2024-12-15 23:58:18,598 ERROR auto_assemble_thucthicaulenh(1117) Zhuangzi1 pf 2316
2024-12-15 23:58:18,878 ERROR auto_assemble_thucthicaulenh(1117) Zhuangzi2 pf 3254
2024-12-15 23:58:18,891 ERROR auto_assemble_thucthicaulenh(1117) Zhuangzi1 pf 2316
2024-12-15 23:58:19,171 ERROR auto_assemble_thucthicaulenh(1117) Zhuangzi2 pf 2214 3705
2024-12-15 23:58:19,179 ERROR auto_assemble_thucthicaulenh(1117) Zhuangzi1 pf 2214 3706
2024-12-15 23:58:19,458 ERROR auto_assemble_thucthicaulenh(1117) Zhuangzi2 pf 2214 3705
2024-12-15 23:58:19,458 ERROR auto_assemble_thucthicaulenh(1117) Zhuangzi1 pf 2214 3706
2024-12-15 23:58:19,707 ERROR auto_assemble_dichuyen(1216) Zhuangzi1: auto_assemble_dichuyen: 430 200
2024-12-15 23:58:20,716 ERROR auto_assemble_dichuyen(1216) Zhuangzi1: auto_assemble_dichuyen: 430 200
2024-12-15 23:58:20,895 ERROR auto_assemble_dichuyen(1216) Zhuangzi2: auto_assemble_dichuyen: 385 400
2024-12-15 23:58:20,960 ERROR auto_assemble_thucthicaulenh(1117) Zhuangzi2 pf 2216 79,54
2024-12-15 23:58:21,231 ERROR auto_assemble_thucthicaulenh(1117) Zhuangzi2 pf 2310 3705
2024-12-15 23:58:21,513 ERROR auto_assemble_thucthicaulenh(1117) Zhuangzi2 pf 2310 3705
2024-12-15 23:58:21,793 ERROR auto_assemble_thucthicaulenh(1117) Zhuangzi2 pf 2310 3705
2024-12-15 23:58:21,912 ERROR auto_assemble_dichuyen(1216) Zhuangzi2: auto_assemble_dichuyen: 430 33
2024-12-15 23:58:22,055 ERROR auto_assemble_thucthicaulenh(1117) Zhuangzi2 pf 2316
2024-12-15 23:58:22,603 ERROR auto_assemble_thucthicaulenh(1117) Zhuangzi2 pf 2316
2024-12-15 23:58:22,851 ERROR auto_assemble_thucthicaulenh(1117) Zhuangzi1 pf 2310 3706
2024-12-15 23:58:22,872 ERROR auto_assemble_thucthicaulenh(1117) Zhuangzi2 pf 2314 3705
2024-12-15 23:58:22,916 ERROR auto_assemble_dichuyen(1216) Zhuangzi2: auto_assemble_dichuyen: 385 133
2024-12-15 23:58:23,030 ERROR auto_assemble_dichuyen(1216) Zhuangzi1: auto_assemble_dichuyen: 474 466
2024-12-15 23:58:23,113 ERROR auto_assemble_thucthicaulenh(1117) Zhuangzi1 pf 2316
2024-12-15 23:58:23,142 ERROR auto_assemble_thucthicaulenh(1117) Zhuangzi2 pf 2310 3705
2024-12-15 23:58:23,406 ERROR auto_assemble_thucthicaulenh(1117) Zhuangzi1 pf 2316
2024-12-15 23:58:23,433 ERROR auto_assemble_thucthicaulenh(1117) Zhuangzi2 pf 2310 3705
2024-12-15 23:58:23,690 ERROR auto_assemble_thucthicaulenh(1117) Zhuangzi1 pf 2316
2024-12-15 23:58:23,710 ERROR auto_assemble_thucthicaulenh(1117) Zhuangzi2 pf 2310 3705
2024-12-15 23:58:24,054 ERROR auto_assemble_dichuyen(1216) Zhuangzi1: auto_assemble_dichuyen: 430 200
2024-12-15 23:58:24,187 ERROR auto_assemble_thucthicaulenh(1117) Zhuangzi2 pf 2214 3705
2024-12-15 23:58:24,207 ERROR auto_assemble_thucthicaulenh(1117) Zhuangzi1 pf 2214 3706
2024-12-15 23:58:24,347 ERROR auto_assemble_dichuyen(1216) Zhuangzi2: auto_assemble_dichuyen: 430 400
2024-12-15 23:58:24,450 ERROR auto_assemble_thucthicaulenh(1117) Zhuangzi2 pf 3252 3706
2024-12-15 23:58:24,711 ERROR auto_assemble_thucthicaulenh(1117) Zhuangzi2 pf 2310 3705
2024-12-15 23:58:24,974 ERROR auto_assemble_thucthicaulenh(1117) Zhuangzi2 pf 2314 3705
2024-12-15 23:58:24,991 ERROR auto_assemble_thucthicaulenh(1117) Zhuangzi1 pf 2310 3706
2024-12-15 23:58:25,068 ERROR auto_assemble_dichuyen(1216) Zhuangzi1: auto_assemble_dichuyen: 430 333
2024-12-15 23:58:25,243 ERROR auto_assemble_thucthicaulenh(1117) Zhuangzi1 pf 2314 3706
2024-12-15 23:58:25,268 ERROR auto_assemble_thucthicaulenh(1117) Zhuangzi2 pf 2314 3705
2024-12-15 23:58:25,426 ERROR auto_assemble_dichuyen(1216) Zhuangzi2: auto_assemble_dichuyen: 430 333
2024-12-15 23:58:25,522 ERROR auto_assemble_thucthicaulenh(1117) Zhuangzi1 pf 2314 3706
2024-12-15 23:58:25,544 ERROR auto_assemble_thucthicaulenh(1117) Zhuangzi2 pf 2314 3705
2024-12-15 23:58:25,804 ERROR auto_assemble_thucthicaulenh(1117) Zhuangzi1 pf 2314 3706
2024-12-15 23:58:25,826 ERROR auto_assemble_thucthicaulenh(1117) Zhuangzi2 pf 2314 3705
2024-12-15 23:58:26,077 ERROR auto_assemble_thucthicaulenh(1117) Zhuangzi1 pf 2314 3706
2024-12-15 23:58:26,101 ERROR auto_assemble_dichuyen(1216) Zhuangzi1: auto_assemble_dichuyen: 430 333
2024-12-15 23:58:26,147 ERROR auto_assemble_thucthicaulenh(1117) Zhuangzi2 pf 2310 3705
2024-12-15 23:58:26,422 ERROR auto_assemble_thucthicaulenh(1117) Zhuangzi2 pf 2310 3705
2024-12-15 23:58:26,445 ERROR auto_assemble_dichuyen(1216) Zhuangzi2: auto_assemble_dichuyen: 385 300
2024-12-15 23:58:26,708 ERROR auto_assemble_thucthicaulenh(1117) Zhuangzi2 pf 2310 3705
2024-12-15 23:58:26,709 ERROR auto_assemble_thucthicaulenh(1117) Zhuangzi1 pf 2310 3706
2024-12-15 23:58:26,975 ERROR auto_assemble_thucthicaulenh(1117) Zhuangzi2 pf 2316
2024-12-15 23:58:26,989 ERROR auto_assemble_thucthicaulenh(1117) Zhuangzi1 pf 2314 3706
2024-12-15 23:58:27,106 ERROR auto_assemble_dichuyen(1216) Zhuangzi1: auto_assemble_dichuyen: 430 266
2024-12-15 23:58:27,258 ERROR auto_assemble_thucthicaulenh(1117) Zhuangzi2 pf 2316
2024-12-15 23:58:27,274 ERROR auto_assemble_thucthicaulenh(1117) Zhuangzi1 pf 2314 3706
2024-12-15 23:58:27,552 ERROR auto_assemble_thucthicaulenh(1117) Zhuangzi1 pf 2314 3706
2024-12-15 23:58:27,806 ERROR auto_assemble_thucthicaulenh(1117) Zhuangzi1 pf 3254
2024-12-15 23:58:27,901 ERROR auto_assemble_thucthicaulenh(1117) Zhuangzi2 pf 2316
2024-12-15 23:58:28,094 ERROR auto_assemble_thucthicaulenh(1117) Zhuangzi1 pf 3254
2024-12-15 23:58:28,156 ERROR auto_assemble_thucthicaulenh(1117) Zhuangzi2 pf 2310 3705
2024-12-15 23:58:28,441 ERROR auto_assemble_thucthicaulenh(1117) Zhuangzi1 pf 2310 3706
2024-12-15 23:58:28,453 ERROR auto_assemble_thucthicaulenh(1117) Zhuangzi2 pf 2310 3705
2024-12-15 23:58:28,721 ERROR auto_assemble_thucthicaulenh(1117) Zhuangzi1 pf 2310 3706
2024-12-15 23:58:28,733 ERROR auto_assemble_thucthicaulenh(1117) Zhuangzi2 pf 2310 3705
2024-12-15 23:58:28,778 ERROR auto_assemble_dichuyen(1216) Zhuangzi2: auto_assemble_dichuyen: 430 333
2024-12-15 23:58:28,960 ERROR auto_assemble_dichuyen(1216) Zhuangzi1: auto_assemble_dichuyen: 430 333
2024-12-15 23:58:29,004 ERROR auto_assemble_thucthicaulenh(1117) Zhuangzi1 pf 2316
2024-12-15 23:58:29,020 ERROR auto_assemble_thucthicaulenh(1117) Zhuangzi2 pf 2310 3705
2024-12-15 23:58:29,290 ERROR auto_assemble_thucthicaulenh(1117) Zhuangzi1 pf 2316
2024-12-15 23:58:29,577 ERROR auto_assemble_thucthicaulenh(1117) Zhuangzi1 pf 2316
2024-12-15 23:58:29,626 ERROR auto_assemble_thucthicaulenh(1117) Zhuangzi2 pf 2310 3705
2024-12-15 23:58:29,796 ERROR auto_assemble_dichuyen(1216) Zhuangzi2: auto_assemble_dichuyen: 341 300
2024-12-15 23:58:29,875 ERROR auto_assemble_thucthicaulenh(1117) Zhuangzi2 pf 2314 3705
2024-12-15 23:58:30,149 ERROR auto_assemble_thucthicaulenh(1117) Zhuangzi2 pf 2314 3705
2024-12-15 23:58:30,230 ERROR auto_assemble_thucthicaulenh(1117) Zhuangzi1 pf 2310 3706
2024-12-15 23:58:30,258 ERROR auto_assemble_dichuyen(1216) Zhuangzi1: auto_assemble_dichuyen: 518 300
2024-12-15 23:58:30,424 ERROR auto_assemble_thucthicaulenh(1117) Zhuangzi2 pf 2314 3705
2024-12-15 23:58:30,485 ERROR auto_assemble_thucthicaulenh(1117) Zhuangzi1 pf 2316
2024-12-15 23:58:30,712 ERROR auto_assemble_thucthicaulenh(1117) Zhuangzi2 pf 2314 3705
2024-12-15 23:58:30,762 ERROR auto_assemble_thucthicaulenh(1117) Zhuangzi1 pf 2316
2024-12-15 23:58:30,798 ERROR auto_assemble_dichuyen(1216) Zhuangzi2: auto_assemble_dichuyen: 341 266
2024-12-15 23:58:31,048 ERROR auto_assemble_thucthicaulenh(1117) Zhuangzi1 pf 2316
2024-12-15 23:58:31,272 ERROR auto_assemble_dichuyen(1216) Zhuangzi1: auto_assemble_dichuyen: 474 233
2024-12-15 23:58:31,342 ERROR auto_assemble_thucthicaulenh(1117) Zhuangzi1 pf 2316
2024-12-15 23:58:31,377 ERROR auto_assemble_thucthicaulenh(1117) Zhuangzi2 pf 2310 3705
2024-12-15 23:58:31,649 ERROR auto_assemble_thucthicaulenh(1117) Zhuangzi2 pf 2310 3705
2024-12-15 23:58:31,820 ERROR auto_assemble_dichuyen(1216) Zhuangzi2: auto_assemble_dichuyen: 385 300
2024-12-15 23:58:31,908 ERROR auto_assemble_thucthicaulenh(1117) Zhuangzi2 pf 2314 3705
2024-12-15 23:58:31,932 ERROR auto_assemble_thucthicaulenh(1117) Zhuangzi1 pf 2310 3706
2024-12-15 23:58:32,163 ERROR auto_assemble_thucthicaulenh(1117) Zhuangzi2 pf 2316
2024-12-15 23:58:32,201 ERROR auto_assemble_thucthicaulenh(1117) Zhuangzi1 pf 2316
2024-12-15 23:58:32,290 ERROR auto_assemble_dichuyen(1216) Zhuangzi1: auto_assemble_dichuyen: 474 300
2024-12-15 23:58:32,442 ERROR auto_assemble_thucthicaulenh(1117) Zhuangzi2 pf 2316
2024-12-15 23:58:32,477 ERROR auto_assemble_thucthicaulenh(1117) Zhuangzi1 pf 2316
2024-12-15 23:58:32,768 ERROR auto_assemble_thucthicaulenh(1117) Zhuangzi1 pf 2316
2024-12-15 23:58:33,046 ERROR auto_assemble_thucthicaulenh(1117) Zhuangzi1 pf 2316
2024-12-15 23:58:33,118 ERROR auto_assemble_thucthicaulenh(1117) Zhuangzi2 pf 2310 3705
2024-12-15 23:58:33,140 ERROR auto_assemble_dichuyen(1216) Zhuangzi2: auto_assemble_dichuyen: 296 300
2024-12-15 23:58:33,379 ERROR auto_assemble_thucthicaulenh(1117) Zhuangzi2 use d2d9#
2024-12-15 23:58:33,641 ERROR auto_assemble_thucthicaulenh(1117) Zhuangzi2 pf 2316
2024-12-15 23:58:33,689 ERROR auto_assemble_thucthicaulenh(1117) Zhuangzi1 pf 2310 3706
2024-12-15 23:58:33,712 ERROR auto_assemble_dichuyen(1216) Zhuangzi1: auto_assemble_dichuyen: 563 300
2024-12-15 23:58:33,921 ERROR auto_assemble_thucthicaulenh(1117) Zhuangzi2 pf 2316
2024-12-15 23:58:33,966 ERROR auto_assemble_thucthicaulenh(1117) Zhuangzi1 pf 2316
2024-12-15 23:58:34,158 ERROR auto_assemble_dichuyen(1216) Zhuangzi2: auto_assemble_dichuyen: 252 300
2024-12-15 23:58:34,210 ERROR auto_assemble_thucthicaulenh(1117) Zhuangzi2 pf 2316
2024-12-15 23:58:34,260 ERROR auto_assemble_thucthicaulenh(1117) Zhuangzi1 pf 2316
2024-12-15 23:58:34,540 ERROR auto_assemble_thucthicaulenh(1117) Zhuangzi1 pf 2316
2024-12-15 23:58:34,771 ERROR auto_assemble_dichuyen(1216) Zhuangzi1: auto_assemble_dichuyen: 518 233
2024-12-15 23:58:34,815 ERROR auto_assemble_thucthicaulenh(1117) Zhuangzi1 pf 2316
2024-12-15 23:58:34,851 ERROR auto_assemble_thucthicaulenh(1117) Zhuangzi2 pf 2310 3705
2024-12-15 23:58:35,409 ERROR auto_assemble_thucthicaulenh(1117) Zhuangzi1 pf 3252 3705
2024-12-15 23:58:35,682 ERROR auto_assemble_thucthicaulenh(1117) Zhuangzi1 pf 3252 3705
2024-12-15 23:58:36,548 ERROR auto_assemble_thucthicaulenh(1117) Zhuangzi2 pf 3252 3706
2024-12-15 23:58:36,821 ERROR auto_assemble_thucthicaulenh(1117) Zhuangzi2 pf 3252 3706
2024-12-15 23:58:37,097 ERROR auto_assemble_thucthicaulenh(1117) Zhuangzi2 pf 3252 3706
2024-12-15 23:58:38,490 ERROR auto_assemble_dichuyen(1216) Zhuangzi2: auto_assemble_dichuyen: 830 466
2024-12-15 23:58:39,257 ERROR auto_assemble_thucthicaulenh(1117) Zhuangzi1 pf 3252 3705
2024-12-15 23:58:41,227 ERROR auto_assemble_thucthicaulenh(1117) Zhuangzi2 talk 1bc# 1
2024-12-15 23:58:42,243 ERROR auto_assemble_dichuyen(1216) Zhuangzi2: auto_assemble_dichuyen: 385 300
2024-12-15 23:58:42,449 ERROR auto_assemble_thucthicaulenh(1117) Zhuangzi1 pf 3252 3705
2024-12-15 23:58:42,585 ERROR auto_assemble_thucthicaulenh(1117) Zhuangzi2 pet d2ea# show
2024-12-15 23:58:43,608 ERROR auto_assemble_thucthicaulenh(1117) Zhuangzi2 pet d2ea# show
2024-12-15 23:58:44,611 ERROR auto_assemble_thucthicaulenh(1117) Zhuangzi2 pet d2ea# show
2024-12-15 23:58:45,621 ERROR auto_assemble_thucthicaulenh(1117) Zhuangzi2 pet d2ea# show
2024-12-15 23:58:45,669 ERROR auto_assemble_thucthicaulenh(1117) Zhuangzi1 pf 3252 3705
2024-12-15 23:58:46,634 ERROR auto_assemble_thucthicaulenh(1117) Zhuangzi2 pet d2ea# show
2024-12-15 23:58:47,638 ERROR auto_assemble_thucthicaulenh(1117) Zhuangzi2 pet d2ea# show
2024-12-15 23:58:48,644 ERROR auto_assemble_thucthicaulenh(1117) Zhuangzi2 pet d2ea# show
2024-12-15 23:58:48,857 ERROR auto_assemble_thucthicaulenh(1117) Zhuangzi1 pf 3252 3705
2024-12-15 23:58:49,667 ERROR auto_assemble_thucthicaulenh(1117) Zhuangzi2 pet d2ea# show
2024-12-15 23:58:50,687 ERROR auto_assemble_thucthicaulenh(1117) Zhuangzi2 pet d2ea# show
2024-12-15 23:58:51,700 ERROR auto_assemble_thucthicaulenh(1117) Zhuangzi2 pet d2ea# show
2024-12-15 23:58:51,993 ERROR auto_assemble_thucthicaulenh(1117) Zhuangzi1 pf 3252 3705
2024-12-15 23:58:52,703 ERROR auto_assemble_thucthicaulenh(1117) Zhuangzi2 pet d2ea# show
2024-12-15 23:58:53,711 ERROR auto_assemble_thucthicaulenh(1117) Zhuangzi2 pet d2ea# show
2024-12-15 23:58:54,731 ERROR auto_assemble_thucthicaulenh(1117) Zhuangzi2 pet d2ea# show
2024-12-15 23:58:55,159 ERROR auto_assemble_thucthicaulenh(1117) Zhuangzi1 pf 3252 3705
2024-12-15 23:58:55,736 ERROR auto_assemble_thucthicaulenh(1117) Zhuangzi2 pet d2ea# show
2024-12-15 23:58:56,742 ERROR auto_assemble_thucthicaulenh(1117) Zhuangzi2 pet d2ea# show
2024-12-15 23:58:57,745 ERROR auto_assemble_thucthicaulenh(1117) Zhuangzi2 pet d2ea# show
2024-12-15 23:58:58,364 ERROR auto_assemble_thucthicaulenh(1117) Zhuangzi1 pf 3252 3705
2024-12-15 23:58:58,746 ERROR auto_assemble_thucthicaulenh(1117) Zhuangzi2 pet d2ea# show
2024-12-15 23:58:59,763 ERROR auto_assemble_thucthicaulenh(1117) Zhuangzi2 pet d2ea# show
2024-12-15 23:59:00,783 ERROR auto_assemble_thucthicaulenh(1117) Zhuangzi2 pet d2ea# show
2024-12-15 23:59:01,641 ERROR auto_assemble_thucthicaulenh(1117) Zhuangzi1 pf 3252 3705
2024-12-15 23:59:01,800 ERROR auto_assemble_thucthicaulenh(1117) Zhuangzi2 pet d2ea# show
2024-12-15 23:59:02,809 ERROR auto_assemble_thucthicaulenh(1117) Zhuangzi2 pet d2ea# show
2024-12-15 23:59:03,073 ERROR auto_assemble_thucthicaulenh(1117) Zhuangzi2 pf 3252 3706
2024-12-15 23:59:05,100 ERROR auto_assemble_thucthicaulenh(1117) Zhuangzi2 pet d2ea# 3
2024-12-15 23:59:07,135 ERROR auto_assemble_thucthicaulenh(1117) Zhuangzi2 pet d2ea# 3
2024-12-15 23:59:10,579 ERROR auto_assemble_thucthicaulenh(1117) Zhuangzi2 pf 3252 3706
2024-12-15 23:59:10,580 ERROR auto_assemble_dichuyen(1216) Zhuangzi2: auto_assemble_dichuyen: 4563 -933
2024-12-15 23:59:12,123 ERROR auto_assemble_dichuyen(1216) Zhuangzi2: auto_assemble_dichuyen: 252 100
2024-12-15 23:59:54,455 ERROR auto_assemble_thucthicaulenh(1117) Zhuangzi2 use d2d3#
2024-12-15 23:59:54,720 ERROR auto_assemble_thucthicaulenh(1117) Zhuangzi2 pf 3252 3706
2024-12-15 23:59:55,051 ERROR auto_assemble_thucthicaulenh(1117) Zhuangzi1 use ce32#
2024-12-15 23:59:58,004 ERROR auto_assemble_thucthicaulenh(1117) Zhuangzi2 pf 3252 3706
2024-12-16 00:00:01,219 ERROR auto_assemble_thucthicaulenh(1117) Zhuangzi2 pf 3252 3706
2024-12-16 00:00:01,936 ERROR auto_assemble_thucthicaulenh(1117) Zhuangzi2 pf 3254
2024-12-16 00:00:02,210 ERROR auto_assemble_thucthicaulenh(1117) Zhuangzi2 pf 3254
2024-12-16 00:00:02,392 ERROR auto_assemble_dichuyen(1216) Zhuangzi1: auto_assemble_dichuyen: 385 266
2024-12-16 00:00:02,502 ERROR auto_assemble_thucthicaulenh(1117) Zhuangzi2 pf 3254
2024-12-16 00:00:02,774 ERROR auto_assemble_thucthicaulenh(1117) Zhuangzi1 pf 2310 3706
2024-12-16 00:00:02,784 ERROR auto_assemble_thucthicaulenh(1117) Zhuangzi2 pf 3254
2024-12-16 00:00:03,049 ERROR auto_assemble_thucthicaulenh(1117) Zhuangzi1 pf 2310 3706
2024-12-16 00:00:03,260 ERROR auto_assemble_thucthicaulenh(1117) Zhuangzi2 pf 2310 3705
2024-12-16 00:00:03,335 ERROR auto_assemble_thucthicaulenh(1117) Zhuangzi1 pf 2310 3706
2024-12-16 00:00:03,550 ERROR auto_assemble_thucthicaulenh(1117) Zhuangzi2 pf 2310 3705
2024-12-16 00:00:03,617 ERROR auto_assemble_thucthicaulenh(1117) Zhuangzi1 pf 2310 3706
2024-12-16 00:00:03,638 ERROR auto_assemble_dichuyen(1216) Zhuangzi1: auto_assemble_dichuyen: 385 300
2024-12-16 00:00:03,742 ERROR auto_assemble_dichuyen(1216) Zhuangzi2: auto_assemble_dichuyen: 474 300
2024-12-16 00:00:03,980 ERROR auto_assemble_thucthicaulenh(1117) Zhuangzi1 pf 2310 3706
2024-12-16 00:00:04,112 ERROR auto_assemble_thucthicaulenh(1117) Zhuangzi2 pf 2310 3705
2024-12-16 00:00:04,235 ERROR auto_assemble_thucthicaulenh(1117) Zhuangzi1 pf 2314 3706
2024-12-16 00:00:04,397 ERROR auto_assemble_thucthicaulenh(1117) Zhuangzi2 pf 2314 3705
2024-12-16 00:00:04,515 ERROR auto_assemble_thucthicaulenh(1117) Zhuangzi1 pf 2314 3706
2024-12-16 00:00:04,689 ERROR auto_assemble_dichuyen(1216) Zhuangzi1: auto_assemble_dichuyen: 741 533
2024-12-16 00:00:04,719 ERROR auto_assemble_thucthicaulenh(1117) Zhuangzi2 pf 2314 3705
2024-12-16 00:00:04,798 ERROR auto_assemble_dichuyen(1216) Zhuangzi2: auto_assemble_dichuyen: 74 100
2024-12-16 00:00:04,817 ERROR auto_assemble_thucthicaulenh(1117) Zhuangzi1 pf 2314 3706
2024-12-16 00:00:04,980 ERROR auto_assemble_thucthicaulenh(1117) Zhuangzi2 pf 3252 3706
2024-12-16 00:00:05,272 ERROR auto_assemble_thucthicaulenh(1117) Zhuangzi2 pf 3252 3706
2024-12-16 00:00:06,011 ERROR auto_assemble_thucthicaulenh(1117) Zhuangzi2 pf 3252 3706
2024-12-16 00:00:09,874 ERROR auto_assemble_thucthicaulenh(1117) Zhuangzi2 pf 3252 3706
2024-12-16 00:00:13,067 ERROR auto_assemble_thucthicaulenh(1117) Zhuangzi2 pf 3252 3706
2024-12-16 00:00:16,275 ERROR auto_assemble_thucthicaulenh(1117) Zhuangzi2 pf 3252 3706
2024-12-16 00:00:34,353 ERROR auto_assemble_dichuyen(1216) Zhuangzi2: auto_assemble_dichuyen: 607 400
2024-12-16 00:00:35,041 ERROR auto_assemble_thucthicaulenh(1117) Zhuangzi1 pf 2310 3706
2024-12-16 00:00:35,258 ERROR auto_assemble_dichuyen(1216) Zhuangzi1: auto_assemble_dichuyen: 785 533
2024-12-16 00:00:35,327 ERROR auto_assemble_thucthicaulenh(1117) Zhuangzi1 pf 2314 3706
2024-12-16 00:00:35,531 ERROR auto_assemble_thucthicaulenh(1117) Zhuangzi2 pf 2310 3705
2024-12-16 00:00:35,613 ERROR auto_assemble_thucthicaulenh(1117) Zhuangzi1 pf 2314 3706
2024-12-16 00:00:35,819 ERROR auto_assemble_thucthicaulenh(1117) Zhuangzi2 pf 2310 3705
2024-12-16 00:00:35,883 ERROR auto_assemble_thucthicaulenh(1117) Zhuangzi1 pf 2316
2024-12-16 00:00:36,158 ERROR auto_assemble_thucthicaulenh(1117) Zhuangzi2 pf 2310 3705
2024-12-16 00:00:36,181 ERROR auto_assemble_thucthicaulenh(1117) Zhuangzi1 pf 2316
2024-12-16 00:00:36,259 ERROR auto_assemble_dichuyen(1216) Zhuangzi1: auto_assemble_dichuyen: 741 466
2024-12-16 00:00:36,438 ERROR auto_assemble_thucthicaulenh(1117) Zhuangzi1 pf 2310 3706
2024-12-16 00:00:36,505 ERROR auto_assemble_thucthicaulenh(1117) Zhuangzi2 pf 2310 3705
2024-12-16 00:00:36,715 ERROR auto_assemble_thucthicaulenh(1117) Zhuangzi1 pf 2310 3706
2024-12-16 00:00:36,796 ERROR auto_assemble_thucthicaulenh(1117) Zhuangzi2 pf 2310 3705
2024-12-16 00:00:36,873 ERROR auto_assemble_dichuyen(1216) Zhuangzi2: auto_assemble_dichuyen: 607 366
2024-12-16 00:00:37,079 ERROR auto_assemble_thucthicaulenh(1117) Zhuangzi2 pf 2214 3705
2024-12-16 00:00:37,378 ERROR auto_assemble_thucthicaulenh(1117) Zhuangzi2 pf 2214 3705
2024-12-16 00:00:37,670 ERROR auto_assemble_thucthicaulenh(1117) Zhuangzi2 pf 2214 3705
2024-12-16 00:00:37,947 ERROR auto_assemble_thucthicaulenh(1117) Zhuangzi2 pf 2214 3705
2024-12-16 00:00:38,075 ERROR auto_assemble_dichuyen(1216) Zhuangzi2: auto_assemble_dichuyen: 607 400
2024-12-16 00:00:38,237 ERROR auto_assemble_thucthicaulenh(1117) Zhuangzi2 pf 2214 3705
2024-12-16 00:00:38,518 ERROR auto_assemble_thucthicaulenh(1117) Zhuangzi2 pf 2214 3705
2024-12-16 00:00:38,539 ERROR auto_assemble_thucthicaulenh(1117) Zhuangzi1 pf 2310 3706
2024-12-16 00:00:38,830 ERROR auto_assemble_thucthicaulenh(1117) Zhuangzi1 pf 2310 3706
2024-12-16 00:00:38,936 ERROR auto_assemble_dichuyen(1216) Zhuangzi1: auto_assemble_dichuyen: 696 533
2024-12-16 00:00:39,088 ERROR auto_assemble_thucthicaulenh(1117) Zhuangzi1 pf 2316
2024-12-16 00:00:39,270 ERROR auto_assemble_thucthicaulenh(1117) Zhuangzi2 pf 2310 3705
2024-12-16 00:00:39,378 ERROR auto_assemble_thucthicaulenh(1117) Zhuangzi1 pf 2316
2024-12-16 00:00:39,394 ERROR auto_assemble_dichuyen(1216) Zhuangzi2: auto_assemble_dichuyen: 207 133
2024-12-16 00:00:39,546 ERROR auto_assemble_thucthicaulenh(1117) Zhuangzi2 pf 2316
2024-12-16 00:00:39,668 ERROR auto_assemble_thucthicaulenh(1117) Zhuangzi1 pf 2316
2024-12-16 00:00:39,834 ERROR auto_assemble_thucthicaulenh(1117) Zhuangzi2 pf 2316
2024-12-16 00:00:39,934 ERROR auto_assemble_thucthicaulenh(1117) Zhuangzi1 pf 2314 3706
2024-12-16 00:00:39,956 ERROR auto_assemble_dichuyen(1216) Zhuangzi1: auto_assemble_dichuyen: 652 466
2024-12-16 00:00:40,099 ERROR auto_assemble_thucthicaulenh(1117) Zhuangzi2 pf 2314 3705
2024-12-16 00:00:40,566 ERROR auto_assemble_dichuyen(1216) Zhuangzi2: auto_assemble_dichuyen: 563 366
2024-12-16 00:00:40,976 ERROR auto_assemble_thucthicaulenh(1117) Zhuangzi1 pf 2214 3706
2024-12-16 00:00:40,990 ERROR auto_assemble_thucthicaulenh(1117) Zhuangzi2 pf 2214 3705
2024-12-16 00:00:41,083 ERROR auto_assemble_dichuyen(1216) Zhuangzi1: auto_assemble_dichuyen: 341 200
2024-12-16 00:00:41,250 ERROR auto_assemble_thucthicaulenh(1117) Zhuangzi1 pf 2310 3706
2024-12-16 00:00:41,250 ERROR auto_assemble_thucthicaulenh(1117) Zhuangzi2 pf 2310 3705
2024-12-16 00:00:41,457 ERROR auto_assemble_dichuyen(1216) Zhuangzi2: auto_assemble_dichuyen: 474 333
2024-12-16 00:00:41,524 ERROR auto_assemble_thucthicaulenh(1117) Zhuangzi2 pf 2310 3705
2024-12-16 00:00:41,533 ERROR auto_assemble_thucthicaulenh(1117) Zhuangzi1 pf 2310 3706
2024-12-16 00:00:41,800 ERROR auto_assemble_thucthicaulenh(1117) Zhuangzi2 pf 2310 3705
2024-12-16 00:00:41,824 ERROR auto_assemble_thucthicaulenh(1117) Zhuangzi1 pf 2310 3706
2024-12-16 00:00:42,060 ERROR auto_assemble_thucthicaulenh(1117) Zhuangzi2 pf 2314 3705
2024-12-16 00:00:42,084 ERROR auto_assemble_thucthicaulenh(1117) Zhuangzi1 pf 2314 3706
2024-12-16 00:00:42,111 ERROR auto_assemble_dichuyen(1216) Zhuangzi1: auto_assemble_dichuyen: 296 233
2024-12-16 00:00:42,345 ERROR auto_assemble_thucthicaulenh(1117) Zhuangzi2 pf 2314 3705
2024-12-16 00:00:42,378 ERROR auto_assemble_thucthicaulenh(1117) Zhuangzi1 pf 2314 3706
2024-12-16 00:00:43,010 ERROR auto_assemble_thucthicaulenh(1117) Zhuangzi1 pf 2310 3706
2024-12-16 00:00:43,050 ERROR auto_assemble_thucthicaulenh(1117) Zhuangzi2 pf 2310 3705
2024-12-16 00:00:43,071 ERROR auto_assemble_dichuyen(1216) Zhuangzi2: auto_assemble_dichuyen: 474 300
2024-12-16 00:00:43,123 ERROR auto_assemble_dichuyen(1216) Zhuangzi1: auto_assemble_dichuyen: 385 300
2024-12-16 00:00:43,272 ERROR auto_assemble_thucthicaulenh(1117) Zhuangzi1 pf 2314 3706
2024-12-16 00:00:43,331 ERROR auto_assemble_thucthicaulenh(1117) Zhuangzi2 pf 2314 3705
2024-12-16 00:00:43,555 ERROR auto_assemble_thucthicaulenh(1117) Zhuangzi1 pf 2314 3706
2024-12-16 00:00:43,611 ERROR auto_assemble_thucthicaulenh(1117) Zhuangzi2 pf 2314 3705
2024-12-16 00:00:43,823 ERROR auto_assemble_thucthicaulenh(1117) Zhuangzi1 pf 2316
2024-12-16 00:00:43,883 ERROR auto_assemble_thucthicaulenh(1117) Zhuangzi2 pf 2314 3705
2024-12-16 00:00:44,078 ERROR auto_assemble_dichuyen(1216) Zhuangzi2: auto_assemble_dichuyen: 474 300
2024-12-16 00:00:44,106 ERROR auto_assemble_thucthicaulenh(1117) Zhuangzi1 pf 2316
2024-12-16 00:00:44,135 ERROR auto_assemble_thucthicaulenh(1117) Zhuangzi2 pf 2316
2024-12-16 00:00:44,522 ERROR auto_assemble_thucthicaulenh(1117) Zhuangzi2 pf 2310 3705
2024-12-16 00:00:44,735 ERROR auto_assemble_thucthicaulenh(1117) Zhuangzi1 pf 2310 3706
2024-12-16 00:00:44,758 ERROR auto_assemble_dichuyen(1216) Zhuangzi1: auto_assemble_dichuyen: 341 266
2024-12-16 00:00:44,800 ERROR auto_assemble_thucthicaulenh(1117) Zhuangzi2 pf 2310 3705
2024-12-16 00:00:45,027 ERROR auto_assemble_thucthicaulenh(1117) Zhuangzi1 pf 2310 3706
2024-12-16 00:00:45,072 ERROR auto_assemble_thucthicaulenh(1117) Zhuangzi2 pf 2314 3705
2024-12-16 00:00:45,094 ERROR auto_assemble_dichuyen(1216) Zhuangzi2: auto_assemble_dichuyen: 518 333
2024-12-16 00:00:45,283 ERROR auto_assemble_thucthicaulenh(1117) Zhuangzi1 pf 2316
2024-12-16 00:00:45,348 ERROR auto_assemble_thucthicaulenh(1117) Zhuangzi2 pf 2314 3705
2024-12-16 00:00:45,592 ERROR auto_assemble_thucthicaulenh(1117) Zhuangzi1 pf 2316
2024-12-16 00:00:45,634 ERROR auto_assemble_thucthicaulenh(1117) Zhuangzi2 pf 2314 3705
2024-12-16 00:00:45,776 ERROR auto_assemble_dichuyen(1216) Zhuangzi1: auto_assemble_dichuyen: 341 266
2024-12-16 00:00:45,866 ERROR auto_assemble_thucthicaulenh(1117) Zhuangzi1 pf 2316
2024-12-16 00:00:45,902 ERROR auto_assemble_thucthicaulenh(1117) Zhuangzi2 pf 2312 3705
2024-12-16 00:00:46,113 ERROR auto_assemble_dichuyen(1216) Zhuangzi2: auto_assemble_dichuyen: 518 366
2024-12-16 00:00:46,183 ERROR auto_assemble_thucthicaulenh(1117) Zhuangzi2 pf 2310 3705
2024-12-16 00:00:46,464 ERROR auto_assemble_thucthicaulenh(1117) Zhuangzi2 pf 2310 3705
2024-12-16 00:00:46,499 ERROR auto_assemble_thucthicaulenh(1117) Zhuangzi1 pf 2310 3706
2024-12-16 00:00:46,749 ERROR auto_assemble_thucthicaulenh(1117) Zhuangzi2 pf 2310 3705
2024-12-16 00:00:46,761 ERROR auto_assemble_thucthicaulenh(1117) Zhuangzi1 pf 2316
2024-12-16 00:00:46,783 ERROR auto_assemble_dichuyen(1216) Zhuangzi1: auto_assemble_dichuyen: 252 200
2024-12-16 00:00:47,042 ERROR auto_assemble_thucthicaulenh(1117) Zhuangzi1 pf 2316
2024-12-16 00:00:47,055 ERROR auto_assemble_thucthicaulenh(1117) Zhuangzi2 pf 2310 3705
2024-12-16 00:00:47,130 ERROR auto_assemble_dichuyen(1216) Zhuangzi2: auto_assemble_dichuyen: 607 400
2024-12-16 00:00:47,325 ERROR auto_assemble_thucthicaulenh(1117) Zhuangzi1 pf 2316
2024-12-16 00:00:47,337 ERROR auto_assemble_thucthicaulenh(1117) Zhuangzi2 pf 2310 3705
2024-12-16 00:00:47,615 ERROR auto_assemble_thucthicaulenh(1117) Zhuangzi1 pf 2316
2024-12-16 00:00:47,627 ERROR auto_assemble_thucthicaulenh(1117) Zhuangzi2 pf 2310 3705
2024-12-16 00:00:47,898 ERROR auto_assemble_thucthicaulenh(1117) Zhuangzi2 pf 2312 3705
2024-12-16 00:00:47,986 ERROR auto_assemble_thucthicaulenh(1117) Zhuangzi1 pf 2310 3706
2024-12-16 00:00:48,008 ERROR auto_assemble_dichuyen(1216) Zhuangzi1: auto_assemble_dichuyen: 252 233
2024-12-16 00:00:48,137 ERROR auto_assemble_dichuyen(1216) Zhuangzi2: auto_assemble_dichuyen: 607 366
2024-12-16 00:00:48,234 ERROR auto_assemble_thucthicaulenh(1117) Zhuangzi2 pf 2312 3705
2024-12-16 00:00:48,269 ERROR auto_assemble_thucthicaulenh(1117) Zhuangzi1 pf 2310 3706
2024-12-16 00:00:48,491 ERROR auto_assemble_thucthicaulenh(1117) Zhuangzi2 pf 2316
2024-12-16 00:00:48,560 ERROR auto_assemble_thucthicaulenh(1117) Zhuangzi1 pf 2310 3706
2024-12-16 00:00:48,787 ERROR auto_assemble_thucthicaulenh(1117) Zhuangzi2 pf 2316
2024-12-16 00:00:48,842 ERROR auto_assemble_thucthicaulenh(1117) Zhuangzi1 pf 2310 3706
2024-12-16 00:00:49,027 ERROR auto_assemble_dichuyen(1216) Zhuangzi1: auto_assemble_dichuyen: 252 233
2024-12-16 00:00:49,043 ERROR auto_assemble_thucthicaulenh(1117) Zhuangzi2 pf 2310 3705
2024-12-16 00:00:49,098 ERROR auto_assemble_thucthicaulenh(1117) Zhuangzi1 pf 2314 3706
2024-12-16 00:00:49,155 ERROR auto_assemble_dichuyen(1216) Zhuangzi2: auto_assemble_dichuyen: 607 366
2024-12-16 00:00:49,352 ERROR auto_assemble_thucthicaulenh(1117) Zhuangzi2 pf 2310 3705
2024-12-16 00:00:49,384 ERROR auto_assemble_thucthicaulenh(1117) Zhuangzi1 pf 2314 3706
2024-12-16 00:00:49,637 ERROR auto_assemble_thucthicaulenh(1117) Zhuangzi2 pf 2310 3705
2024-12-16 00:00:49,677 ERROR auto_assemble_thucthicaulenh(1117) Zhuangzi1 pf 2314 3706
2024-12-16 00:00:49,905 ERROR auto_assemble_thucthicaulenh(1117) Zhuangzi2 pf 2312 3705
2024-12-16 00:00:49,930 ERROR auto_assemble_thucthicaulenh(1117) Zhuangzi1 pf 2312 3706
2024-12-16 00:00:50,030 ERROR auto_assemble_dichuyen(1216) Zhuangzi1: auto_assemble_dichuyen: 252 233
2024-12-16 00:00:50,174 ERROR auto_assemble_dichuyen(1216) Zhuangzi2: auto_assemble_dichuyen: 607 366
2024-12-16 00:00:50,201 ERROR auto_assemble_thucthicaulenh(1117) Zhuangzi1 pf 2310 3706
2024-12-16 00:00:50,217 ERROR auto_assemble_thucthicaulenh(1117) Zhuangzi2 pf 2312 3705
2024-12-16 00:00:50,483 ERROR auto_assemble_thucthicaulenh(1117) Zhuangzi2 pf 3254
2024-12-16 00:00:50,490 ERROR auto_assemble_thucthicaulenh(1117) Zhuangzi1 pf 2310 3706
2024-12-16 00:00:50,756 ERROR auto_assemble_thucthicaulenh(1117) Zhuangzi2 pf 3254
2024-12-16 00:00:50,770 ERROR auto_assemble_thucthicaulenh(1117) Zhuangzi1 pf 2310 3706
2024-12-16 00:00:51,039 ERROR auto_assemble_thucthicaulenh(1117) Zhuangzi2 pf 2310 3705
2024-12-16 00:00:51,044 ERROR auto_assemble_thucthicaulenh(1117) Zhuangzi1 pf 2312 3706
2024-12-16 00:00:51,066 ERROR auto_assemble_dichuyen(1216) Zhuangzi1: auto_assemble_dichuyen: 252 233
2024-12-16 00:00:51,194 ERROR auto_assemble_dichuyen(1216) Zhuangzi2: auto_assemble_dichuyen: 607 366
2024-12-16 00:00:51,326 ERROR auto_assemble_thucthicaulenh(1117) Zhuangzi2 pf 2310 3705
2024-12-16 00:00:51,331 ERROR auto_assemble_thucthicaulenh(1117) Zhuangzi1 pf 2312 3706
2024-12-16 00:00:51,605 ERROR auto_assemble_thucthicaulenh(1117) Zhuangzi2 pf 2310 3705
2024-12-16 00:00:51,632 ERROR auto_assemble_thucthicaulenh(1117) Zhuangzi1 pf 2312 3706
2024-12-16 00:00:51,862 ERROR auto_assemble_thucthicaulenh(1117) Zhuangzi2 pf 3252 3706
2024-12-16 00:00:51,887 ERROR auto_assemble_thucthicaulenh(1117) Zhuangzi1 pf 2316
2024-12-16 00:00:52,081 ERROR auto_assemble_dichuyen(1216) Zhuangzi1: auto_assemble_dichuyen: 252 233
2024-12-16 00:00:52,137 ERROR auto_assemble_thucthicaulenh(1117) Zhuangzi2 pf 3252 3706
2024-12-16 00:00:52,149 ERROR auto_assemble_thucthicaulenh(1117) Zhuangzi1 pf 2310 3706
2024-12-16 00:00:52,209 ERROR auto_assemble_dichuyen(1216) Zhuangzi2: auto_assemble_dichuyen: 607 366
2024-12-16 00:00:52,427 ERROR auto_assemble_thucthicaulenh(1117) Zhuangzi1 pf 2310 3706
2024-12-16 00:00:52,434 ERROR auto_assemble_thucthicaulenh(1117) Zhuangzi2 pf 3252 3706
2024-12-16 00:00:52,715 ERROR auto_assemble_thucthicaulenh(1117) Zhuangzi1 pf 2310 3706
2024-12-16 00:00:52,721 ERROR auto_assemble_thucthicaulenh(1117) Zhuangzi2 pf 3252 3706
2024-12-16 00:00:52,990 ERROR auto_assemble_thucthicaulenh(1117) Zhuangzi1 pf 2316
2024-12-16 00:00:53,083 ERROR auto_assemble_dichuyen(1216) Zhuangzi1: auto_assemble_dichuyen: 207 233
2024-12-16 00:00:53,264 ERROR auto_assemble_thucthicaulenh(1117) Zhuangzi1 pf 2316
2024-12-16 00:00:53,447 ERROR auto_assemble_thucthicaulenh(1117) Zhuangzi2 pf 2310 3705
2024-12-16 00:00:53,469 ERROR auto_assemble_dichuyen(1216) Zhuangzi2: auto_assemble_dichuyen: 696 366
2024-12-16 00:00:53,581 ERROR auto_assemble_thucthicaulenh(1117) Zhuangzi1 pf 2316
2024-12-16 00:00:53,732 ERROR auto_assemble_thucthicaulenh(1117) Zhuangzi2 pf 2310 3705
2024-12-16 00:00:53,865 ERROR auto_assemble_thucthicaulenh(1117) Zhuangzi1 pf 2316
2024-12-16 00:00:54,013 ERROR auto_assemble_thucthicaulenh(1117) Zhuangzi2 pf 2310 3705
2024-12-16 00:00:54,096 ERROR auto_assemble_dichuyen(1216) Zhuangzi1: auto_assemble_dichuyen: 163 233
2024-12-16 00:00:54,144 ERROR auto_assemble_thucthicaulenh(1117) Zhuangzi1 pf 2310 3706
2024-12-16 00:00:54,312 ERROR auto_assemble_thucthicaulenh(1117) Zhuangzi2 pf 2310 3705
2024-12-16 00:00:54,420 ERROR auto_assemble_thucthicaulenh(1117) Zhuangzi1 pf 2310 3706
2024-12-16 00:00:54,475 ERROR auto_assemble_dichuyen(1216) Zhuangzi2: auto_assemble_dichuyen: 696 366
2024-12-16 00:00:54,630 ERROR auto_assemble_thucthicaulenh(1117) Zhuangzi2 pf 2310 3705
2024-12-16 00:00:54,702 ERROR auto_assemble_thucthicaulenh(1117) Zhuangzi1 pf 2310 3706
2024-12-16 00:00:54,969 ERROR auto_assemble_thucthicaulenh(1117) Zhuangzi1 pf 2316
2024-12-16 00:00:55,120 ERROR auto_assemble_dichuyen(1216) Zhuangzi1: auto_assemble_dichuyen: 207 233
2024-12-16 00:00:55,262 ERROR auto_assemble_thucthicaulenh(1117) Zhuangzi1 pf 2316
2024-12-16 00:00:55,546 ERROR auto_assemble_thucthicaulenh(1117) Zhuangzi1 pf 2316
2024-12-16 00:00:55,833 ERROR auto_assemble_thucthicaulenh(1117) Zhuangzi1 pf 2316
2024-12-16 00:00:56,125 ERROR auto_assemble_thucthicaulenh(1117) Zhuangzi1 pf 2310 3706
2024-12-16 00:00:56,148 ERROR auto_assemble_dichuyen(1216) Zhuangzi1: auto_assemble_dichuyen: 252 233
2024-12-16 00:00:56,393 ERROR auto_assemble_thucthicaulenh(1117) Zhuangzi2 pf 2310 3705
2024-12-16 00:00:56,400 ERROR auto_assemble_thucthicaulenh(1117) Zhuangzi1 pf 2310 3706
2024-12-16 00:00:56,422 ERROR auto_assemble_dichuyen(1216) Zhuangzi2: auto_assemble_dichuyen: 607 366
2024-12-16 00:00:56,667 ERROR auto_assemble_thucthicaulenh(1117) Zhuangzi2 pf 2316
2024-12-16 00:00:56,688 ERROR auto_assemble_thucthicaulenh(1117) Zhuangzi1 pf 2310 3706
2024-12-16 00:00:56,956 ERROR auto_assemble_thucthicaulenh(1117) Zhuangzi1 pf 2313 3706
2024-12-16 00:00:56,970 ERROR auto_assemble_thucthicaulenh(1117) Zhuangzi2 pf 2316
2024-12-16 00:00:57,158 ERROR auto_assemble_dichuyen(1216) Zhuangzi1: auto_assemble_dichuyen: 341 233
2024-12-16 00:00:57,229 ERROR auto_assemble_thucthicaulenh(1117) Zhuangzi1 pf 2313 3706
2024-12-16 00:00:57,254 ERROR auto_assemble_thucthicaulenh(1117) Zhuangzi2 pf 2316
2024-12-16 00:00:57,434 ERROR auto_assemble_dichuyen(1216) Zhuangzi2: auto_assemble_dichuyen: 607 366
2024-12-16 00:00:57,521 ERROR auto_assemble_thucthicaulenh(1117) Zhuangzi1 pf 2313 3706
2024-12-16 00:00:57,527 ERROR auto_assemble_thucthicaulenh(1117) Zhuangzi2 pf 2316
2024-12-16 00:00:57,775 ERROR auto_assemble_thucthicaulenh(1117) Zhuangzi1 pf 3254
2024-12-16 00:00:58,048 ERROR auto_assemble_thucthicaulenh(1117) Zhuangzi1 pf 2310 3706
2024-12-16 00:00:58,137 ERROR auto_assemble_thucthicaulenh(1117) Zhuangzi2 pf 2310 3705
2024-12-16 00:00:58,179 ERROR auto_assemble_dichuyen(1216) Zhuangzi1: auto_assemble_dichuyen: 341 233
2024-12-16 00:00:58,344 ERROR auto_assemble_thucthicaulenh(1117) Zhuangzi1 pf 2310 3706
2024-12-16 00:00:58,407 ERROR auto_assemble_thucthicaulenh(1117) Zhuangzi2 pf 2316
2024-12-16 00:00:58,436 ERROR auto_assemble_dichuyen(1216) Zhuangzi2: auto_assemble_dichuyen: 518 366
2024-12-16 00:00:58,629 ERROR auto_assemble_thucthicaulenh(1117) Zhuangzi1 pf 2310 3706
2024-12-16 00:00:58,708 ERROR auto_assemble_thucthicaulenh(1117) Zhuangzi2 pf 2316
2024-12-16 00:00:58,915 ERROR auto_assemble_thucthicaulenh(1117) Zhuangzi1 pf 3252 3705
2024-12-16 00:00:59,017 ERROR auto_assemble_thucthicaulenh(1117) Zhuangzi2 pf 2316
2024-12-16 00:00:59,209 ERROR auto_assemble_thucthicaulenh(1117) Zhuangzi1 pf 3252 3705
2024-12-16 00:00:59,295 ERROR auto_assemble_thucthicaulenh(1117) Zhuangzi2 pf 2316
2024-12-16 00:00:59,498 ERROR auto_assemble_thucthicaulenh(1117) Zhuangzi1 pf 3252 3705
2024-12-16 00:00:59,781 ERROR auto_assemble_thucthicaulenh(1117) Zhuangzi1 pf 3252 3705
2024-12-16 00:00:59,858 ERROR auto_assemble_thucthicaulenh(1117) Zhuangzi2 pf 2310 3705
2024-12-16 00:00:59,925 ERROR auto_assemble_dichuyen(1216) Zhuangzi2: auto_assemble_dichuyen: 430 333
2024-12-16 00:01:00,131 ERROR auto_assemble_thucthicaulenh(1117) Zhuangzi2 pf 2316
2024-12-16 00:01:00,388 ERROR auto_assemble_thucthicaulenh(1117) Zhuangzi1 pf 2310 3706
2024-12-16 00:01:00,412 ERROR auto_assemble_thucthicaulenh(1117) Zhuangzi2 pf 2316
2024-12-16 00:01:00,413 ERROR auto_assemble_dichuyen(1216) Zhuangzi1: auto_assemble_dichuyen: 341 233
2024-12-16 00:01:00,678 ERROR auto_assemble_thucthicaulenh(1117) Zhuangzi1 pf 2310 3706
2024-12-16 00:01:00,705 ERROR auto_assemble_thucthicaulenh(1117) Zhuangzi2 pf 2316
2024-12-16 00:01:00,939 ERROR auto_assemble_thucthicaulenh(1117) Zhuangzi1 pf 2316
2024-12-16 00:01:00,950 ERROR auto_assemble_dichuyen(1216) Zhuangzi2: auto_assemble_dichuyen: 518 366
2024-12-16 00:01:01,010 ERROR auto_assemble_thucthicaulenh(1117) Zhuangzi2 pf 2314 3705
2024-12-16 00:01:01,228 ERROR auto_assemble_thucthicaulenh(1117) Zhuangzi1 pf 2316
2024-12-16 00:01:01,340 ERROR auto_assemble_thucthicaulenh(1117) Zhuangzi2 pf 2310 3705
2024-12-16 00:01:01,430 ERROR auto_assemble_dichuyen(1216) Zhuangzi1: auto_assemble_dichuyen: 341 266
2024-12-16 00:01:01,502 ERROR auto_assemble_thucthicaulenh(1117) Zhuangzi1 pf 2316
2024-12-16 00:01:01,615 ERROR auto_assemble_thucthicaulenh(1117) Zhuangzi2 pf 2310 3705
2024-12-16 00:01:01,898 ERROR auto_assemble_thucthicaulenh(1117) Zhuangzi2 pf 2310 3705
2024-12-16 00:01:01,965 ERROR auto_assemble_dichuyen(1216) Zhuangzi2: auto_assemble_dichuyen: 563 400
2024-12-16 00:01:02,123 ERROR auto_assemble_thucthicaulenh(1117) Zhuangzi1 pf 2310 3706
2024-12-16 00:01:02,164 ERROR auto_assemble_thucthicaulenh(1117) Zhuangzi2 pf 2314 3705
2024-12-16 00:01:02,377 ERROR auto_assemble_thucthicaulenh(1117) Zhuangzi1 pf 2316
2024-12-16 00:01:02,446 ERROR auto_assemble_dichuyen(1216) Zhuangzi1: auto_assemble_dichuyen: 252 200
2024-12-16 00:01:02,453 ERROR auto_assemble_thucthicaulenh(1117) Zhuangzi2 pf 2314 3705
2024-12-16 00:01:02,662 ERROR auto_assemble_thucthicaulenh(1117) Zhuangzi1 pf 2316
2024-12-16 00:01:02,754 ERROR auto_assemble_thucthicaulenh(1117) Zhuangzi2 pf 2314 3705
2024-12-16 00:01:02,956 ERROR auto_assemble_thucthicaulenh(1117) Zhuangzi1 pf 2316
2024-12-16 00:01:02,966 ERROR auto_assemble_dichuyen(1216) Zhuangzi2: auto_assemble_dichuyen: 607 400
2024-12-16 00:01:03,018 ERROR auto_assemble_thucthicaulenh(1117) Zhuangzi2 pf 3252 3706
2024-12-16 00:01:03,255 ERROR auto_assemble_thucthicaulenh(1117) Zhuangzi1 pf 2316
2024-12-16 00:01:03,292 ERROR auto_assemble_thucthicaulenh(1117) Zhuangzi2 pf 2310 3705
2024-12-16 00:01:03,585 ERROR auto_assemble_thucthicaulenh(1117) Zhuangzi2 pf 2310 3705
2024-12-16 00:01:03,593 ERROR auto_assemble_thucthicaulenh(1117) Zhuangzi1 pf 2310 3706
2024-12-16 00:01:03,618 ERROR auto_assemble_dichuyen(1216) Zhuangzi1: auto_assemble_dichuyen: 252 233
2024-12-16 00:01:03,846 ERROR auto_assemble_thucthicaulenh(1117) Zhuangzi2 pf 3252 3706
2024-12-16 00:01:03,880 ERROR auto_assemble_thucthicaulenh(1117) Zhuangzi1 pf 2310 3706
2024-12-16 00:01:03,975 ERROR auto_assemble_dichuyen(1216) Zhuangzi2: auto_assemble_dichuyen: 607 366
2024-12-16 00:01:04,136 ERROR auto_assemble_thucthicaulenh(1117) Zhuangzi2 pf 3252 3706
2024-12-16 00:01:04,156 ERROR auto_assemble_thucthicaulenh(1117) Zhuangzi1 pf 2314 3706
2024-12-16 00:01:04,432 ERROR auto_assemble_thucthicaulenh(1117) Zhuangzi2 pf 3252 3706
2024-12-16 00:01:04,439 ERROR auto_assemble_thucthicaulenh(1117) Zhuangzi1 pf 2314 3706
2024-12-16 00:01:04,632 ERROR auto_assemble_dichuyen(1216) Zhuangzi1: auto_assemble_dichuyen: 252 233
2024-12-16 00:01:04,711 ERROR auto_assemble_thucthicaulenh(1117) Zhuangzi2 pf 3252 3706
2024-12-16 00:01:04,741 ERROR auto_assemble_thucthicaulenh(1117) Zhuangzi1 pf 2314 3706
2024-12-16 00:01:04,993 ERROR auto_assemble_thucthicaulenh(1117) Zhuangzi2 pf 2310 3705
2024-12-16 00:01:05,001 ERROR auto_assemble_thucthicaulenh(1117) Zhuangzi1 pf 2310 3706
2024-12-16 00:01:05,019 ERROR auto_assemble_dichuyen(1216) Zhuangzi2: auto_assemble_dichuyen: 607 366
2024-12-16 00:01:05,281 ERROR auto_assemble_thucthicaulenh(1117) Zhuangzi2 pf 2310 3705
2024-12-16 00:01:05,290 ERROR auto_assemble_thucthicaulenh(1117) Zhuangzi1 pf 2310 3706
2024-12-16 00:01:05,564 ERROR auto_assemble_thucthicaulenh(1117) Zhuangzi2 pf 2310 3705
2024-12-16 00:01:05,583 ERROR auto_assemble_thucthicaulenh(1117) Zhuangzi1 pf 2310 3706
2024-12-16 00:01:05,655 ERROR auto_assemble_dichuyen(1216) Zhuangzi1: auto_assemble_dichuyen: 252 233
2024-12-16 00:01:05,849 ERROR auto_assemble_thucthicaulenh(1117) Zhuangzi2 pf 2310 3705
2024-12-16 00:01:05,857 ERROR auto_assemble_thucthicaulenh(1117) Zhuangzi1 pf 3252 3705
2024-12-16 00:01:06,030 ERROR auto_assemble_dichuyen(1216) Zhuangzi2: auto_assemble_dichuyen: 607 366
2024-12-16 00:01:06,104 ERROR auto_assemble_thucthicaulenh(1117) Zhuangzi2 pf 2316
2024-12-16 00:01:06,158 ERROR auto_assemble_thucthicaulenh(1117) Zhuangzi1 pf 3252 3705
2024-12-16 00:01:06,406 ERROR auto_assemble_thucthicaulenh(1117) Zhuangzi2 pf 2316
2024-12-16 00:01:06,506 ERROR auto_assemble_thucthicaulenh(1117) Zhuangzi1 pf 3252 3705
2024-12-16 00:01:06,754 ERROR auto_assemble_thucthicaulenh(1117) Zhuangzi2 pf 2316
2024-12-16 00:01:06,784 ERROR auto_assemble_dichuyen(1216) Zhuangzi1: auto_assemble_dichuyen: 252 233
2024-12-16 00:01:07,033 ERROR auto_assemble_thucthicaulenh(1117) Zhuangzi1 pf 2310 3706
2024-12-16 00:01:07,068 ERROR auto_assemble_thucthicaulenh(1117) Zhuangzi2 pf 2310 3705
2024-12-16 00:01:07,116 ERROR auto_assemble_dichuyen(1216) Zhuangzi2: auto_assemble_dichuyen: 607 366
2024-12-16 00:01:07,458 ERROR auto_assemble_thucthicaulenh(1117) Zhuangzi1 pf 3252 3705
2024-12-16 00:01:07,596 ERROR auto_assemble_thucthicaulenh(1117) Zhuangzi1 pf 2316
2024-12-16 00:01:07,865 ERROR auto_assemble_thucthicaulenh(1117) Zhuangzi1 pf 3252 3705
2024-12-16 00:01:08,175 ERROR auto_assemble_thucthicaulenh(1117) Zhuangzi1 pf 3252 3705
2024-12-16 00:01:08,592 ERROR auto_assemble_thucthicaulenh(1117) Zhuangzi1 pf 3252 3705
2024-12-16 00:01:09,739 ERROR auto_assemble_thucthicaulenh(1117) Zhuangzi2 pet d2ea# show
2024-12-16 00:01:10,086 ERROR auto_assemble_thucthicaulenh(1117) Zhuangzi2 pf 3252 3706
2024-12-16 00:01:11,689 ERROR auto_assemble_thucthicaulenh(1117) Zhuangzi1 pf 3252 3705
2024-12-16 00:01:12,113 ERROR auto_assemble_thucthicaulenh(1117) Zhuangzi2 pet d2ea# 3
2024-12-16 00:01:13,292 ERROR auto_assemble_thucthicaulenh(1117) Zhuangzi2 pf 3252 3706
2024-12-16 00:01:14,129 ERROR auto_assemble_thucthicaulenh(1117) Zhuangzi2 pet d2ea# 3
2024-12-16 00:01:15,856 ERROR auto_assemble_thucthicaulenh(1117) Zhuangzi1 pf 3252 3705
2024-12-16 00:01:16,146 ERROR auto_assemble_thucthicaulenh(1117) Zhuangzi2 pet d2ea# 3
2024-12-16 00:01:16,532 ERROR auto_assemble_thucthicaulenh(1117) Zhuangzi2 pf 3252 3706
2024-12-16 00:01:18,169 ERROR auto_assemble_thucthicaulenh(1117) Zhuangzi2 pet d2ea# 3
2024-12-16 00:01:18,939 ERROR auto_assemble_thucthicaulenh(1117) Zhuangzi1 pf 3252 3705
2024-12-16 00:01:19,741 ERROR auto_assemble_thucthicaulenh(1117) Zhuangzi2 pf 3252 3706
2024-12-16 00:01:22,170 ERROR auto_assemble_thucthicaulenh(1117) Zhuangzi1 pf 3252 3705
2024-12-16 00:01:22,185 ERROR auto_assemble_thucthicaulenh(1117) Zhuangzi2 pet d2ea# 3
2024-12-16 00:01:22,936 ERROR auto_assemble_thucthicaulenh(1117) Zhuangzi2 pf 3252 3706
2024-12-16 00:01:24,208 ERROR auto_assemble_thucthicaulenh(1117) Zhuangzi2 pet d2ea# 3
2024-12-16 00:01:25,309 ERROR auto_assemble_thucthicaulenh(1117) Zhuangzi1 pf 3252 3705
2024-12-16 00:01:26,139 ERROR auto_assemble_thucthicaulenh(1117) Zhuangzi2 pf 3252 3706
2024-12-16 00:01:26,415 ERROR auto_assemble_thucthicaulenh(1117) Zhuangzi2 pf 3252 3706
2024-12-16 00:01:26,693 ERROR auto_assemble_thucthicaulenh(1117) Zhuangzi2 pf 3252 3706
2024-12-16 00:01:28,224 ERROR auto_assemble_thucthicaulenh(1117) Zhuangzi2 pet d2ea# 3
2024-12-16 00:01:29,877 ERROR auto_assemble_thucthicaulenh(1117) Zhuangzi2 pf 3252 3706
2024-12-16 00:01:32,252 ERROR auto_assemble_thucthicaulenh(1117) Zhuangzi2 pet d2ea# 3
2024-12-16 00:01:33,118 ERROR auto_assemble_thucthicaulenh(1117) Zhuangzi2 pf 3252 3706
2024-12-16 00:01:34,275 ERROR auto_assemble_thucthicaulenh(1117) Zhuangzi2 pet d2ea# 3
2024-12-16 00:01:36,275 ERROR auto_assemble_thucthicaulenh(1117) Zhuangzi2 pet d2ea# 3
2024-12-16 00:01:36,546 ERROR auto_assemble_thucthicaulenh(1117) Zhuangzi2 pf 3252 3706
2024-12-16 00:01:38,277 ERROR auto_assemble_thucthicaulenh(1117) Zhuangzi2 pet d2ea# 3
2024-12-16 00:01:39,659 ERROR auto_assemble_thucthicaulenh(1117) Zhuangzi2 pf 3252 3706
2024-12-16 00:01:40,299 ERROR auto_assemble_thucthicaulenh(1117) Zhuangzi2 pet d2ea# 3
2024-12-16 00:01:42,319 ERROR auto_assemble_thucthicaulenh(1117) Zhuangzi2 pet d2ea# 3
2024-12-16 00:01:44,349 ERROR auto_assemble_thucthicaulenh(1117) Zhuangzi2 pet d2ea# 3
2024-12-16 00:01:51,223 ERROR auto_assemble_thucthicaulenh(1117) Zhuangzi2 use d2d3#
2024-12-16 00:01:51,841 ERROR auto_assemble_thucthicaulenh(1117) Zhuangzi1 use ce32#
2024-12-16 00:01:52,734 ERROR auto_assemble_thucthicaulenh(1117) Zhuangzi2 pet d2ea# 3
2024-12-16 00:01:53,438 ERROR auto_assemble_dichuyen(1216) Zhuangzi1: auto_assemble_dichuyen: 474 466
2024-12-16 00:01:53,668 ERROR auto_assemble_dichuyen(1216) Zhuangzi2: auto_assemble_dichuyen: 385 133
2024-12-16 00:01:54,916 ERROR auto_assemble_thucthicaulenh(1117) Zhuangzi1 pf 2310 3706
2024-12-16 00:01:55,026 ERROR auto_assemble_dichuyen(1216) Zhuangzi1: auto_assemble_dichuyen: 296 100
2024-12-16 00:01:55,158 ERROR auto_assemble_thucthicaulenh(1117) Zhuangzi2 pf 2310 3705
2024-12-16 00:01:55,189 ERROR auto_assemble_thucthicaulenh(1117) Zhuangzi1 pf 2316
2024-12-16 00:01:55,339 ERROR auto_assemble_dichuyen(1216) Zhuangzi2: auto_assemble_dichuyen: 518 500
2024-12-16 00:01:55,430 ERROR auto_assemble_thucthicaulenh(1117) Zhuangzi2 pf 2316
2024-12-16 00:01:55,478 ERROR auto_assemble_thucthicaulenh(1117) Zhuangzi1 pf 2316
2024-12-16 00:01:55,721 ERROR auto_assemble_thucthicaulenh(1117) Zhuangzi2 pf 2316
2024-12-16 00:01:55,766 ERROR auto_assemble_thucthicaulenh(1117) Zhuangzi1 pf 2316
2024-12-16 00:01:55,985 ERROR auto_assemble_thucthicaulenh(1117) Zhuangzi2 pf 2314 3705
2024-12-16 00:01:56,039 ERROR auto_assemble_thucthicaulenh(1117) Zhuangzi1 pf 2310 3706
2024-12-16 00:01:56,062 ERROR auto_assemble_dichuyen(1216) Zhuangzi1: auto_assemble_dichuyen: 341 100
2024-12-16 00:01:56,356 ERROR auto_assemble_dichuyen(1216) Zhuangzi2: auto_assemble_dichuyen: 385 200
2024-12-16 00:01:56,474 ERROR auto_assemble_thucthicaulenh(1117) Zhuangzi1 pf 2214 3706
2024-12-16 00:01:56,521 ERROR auto_assemble_thucthicaulenh(1117) Zhuangzi2 pf 2214 3705
2024-12-16 00:01:57,016 ERROR auto_assemble_thucthicaulenh(1117) Zhuangzi1 pf 2310 3706
2024-12-16 00:01:57,057 ERROR auto_assemble_thucthicaulenh(1117) Zhuangzi2 pf 2310 3705
2024-12-16 00:01:57,092 ERROR auto_assemble_dichuyen(1216) Zhuangzi1: auto_assemble_dichuyen: 341 -33
2024-12-16 00:01:57,297 ERROR auto_assemble_thucthicaulenh(1117) Zhuangzi1 pf 2310 3706
2024-12-16 00:01:57,350 ERROR auto_assemble_thucthicaulenh(1117) Zhuangzi2 pf 2310 3705
2024-12-16 00:01:57,373 ERROR auto_assemble_dichuyen(1216) Zhuangzi2: auto_assemble_dichuyen: 518 633
2024-12-16 00:01:57,572 ERROR auto_assemble_thucthicaulenh(1117) Zhuangzi1 pf 2310 3706
2024-12-16 00:01:57,629 ERROR auto_assemble_thucthicaulenh(1117) Zhuangzi2 pf 2310 3705
2024-12-16 00:01:57,847 ERROR auto_assemble_thucthicaulenh(1117) Zhuangzi1 pf 2310 3706
2024-12-16 00:01:58,246 ERROR auto_assemble_thucthicaulenh(1117) Zhuangzi2 pf 2214 3705
2024-12-16 00:01:58,504 ERROR auto_assemble_thucthicaulenh(1117) Zhuangzi2 pf 2216 79,56
2024-12-16 00:01:58,657 ERROR auto_assemble_thucthicaulenh(1117) Zhuangzi1 pf 2216 81,44
2024-12-16 00:01:58,782 ERROR auto_assemble_thucthicaulenh(1117) Zhuangzi2 pf 2310 3705
2024-12-16 00:01:58,803 ERROR auto_assemble_dichuyen(1216) Zhuangzi2: auto_assemble_dichuyen: 430 600
2024-12-16 00:01:58,845 ERROR auto_assemble_dichuyen(1216) Zhuangzi1: auto_assemble_dichuyen: 518 166
2024-12-16 00:01:58,914 ERROR auto_assemble_thucthicaulenh(1117) Zhuangzi1 pf 2310 3706
2024-12-16 00:01:59,068 ERROR auto_assemble_thucthicaulenh(1117) Zhuangzi2 pf 2310 3705
2024-12-16 00:01:59,199 ERROR auto_assemble_thucthicaulenh(1117) Zhuangzi1 pf 2310 3706
2024-12-16 00:01:59,356 ERROR auto_assemble_thucthicaulenh(1117) Zhuangzi2 pf 2310 3705
2024-12-16 00:01:59,523 ERROR auto_assemble_thucthicaulenh(1117) Zhuangzi1 pf 2310 3706
2024-12-16 00:01:59,636 ERROR auto_assemble_thucthicaulenh(1117) Zhuangzi2 pf 2310 3705
2024-12-16 00:01:59,805 ERROR auto_assemble_thucthicaulenh(1117) Zhuangzi1 pf 2310 3706
2024-12-16 00:01:59,815 ERROR auto_assemble_dichuyen(1216) Zhuangzi2: auto_assemble_dichuyen: 341 433
2024-12-16 00:01:59,849 ERROR auto_assemble_dichuyen(1216) Zhuangzi1: auto_assemble_dichuyen: 518 100
2024-12-16 00:01:59,887 ERROR auto_assemble_thucthicaulenh(1117) Zhuangzi2 pf 2314 3705
2024-12-16 00:02:00,255 ERROR auto_assemble_thucthicaulenh(1117) Zhuangzi2 pf 2214 3705
2024-12-16 00:02:00,550 ERROR auto_assemble_thucthicaulenh(1117) Zhuangzi1 pf 2316
2024-12-16 00:02:00,607 ERROR auto_assemble_thucthicaulenh(1117) Zhuangzi2 pf 2316
2024-12-16 00:02:00,830 ERROR auto_assemble_dichuyen(1216) Zhuangzi2: auto_assemble_dichuyen: 341 566
2024-12-16 00:02:00,836 ERROR auto_assemble_thucthicaulenh(1117) Zhuangzi1 pf 2316
2024-12-16 00:02:00,858 ERROR auto_assemble_dichuyen(1216) Zhuangzi1: auto_assemble_dichuyen: 518 33
2024-12-16 00:02:00,874 ERROR auto_assemble_thucthicaulenh(1117) Zhuangzi2 pf 2310 3705
2024-12-16 00:02:01,164 ERROR auto_assemble_thucthicaulenh(1117) Zhuangzi2 pf 2310 3705
2024-12-16 00:02:01,467 ERROR auto_assemble_thucthicaulenh(1117) Zhuangzi2 pf 2310 3705
2024-12-16 00:02:01,544 ERROR auto_assemble_thucthicaulenh(1117) Zhuangzi1 pf 2310 3706
2024-12-16 00:02:01,809 ERROR auto_assemble_thucthicaulenh(1117) Zhuangzi2 pf 2214 3705
2024-12-16 00:02:02,114 ERROR auto_assemble_thucthicaulenh(1117) Zhuangzi2 pf 2214 3705
2024-12-16 00:02:02,209 ERROR auto_assemble_dichuyen(1216) Zhuangzi1: auto_assemble_dichuyen: 385 400
2024-12-16 00:02:02,259 ERROR auto_assemble_dichuyen(1216) Zhuangzi2: auto_assemble_dichuyen: 474 200
2024-12-16 00:02:07,585 ERROR auto_assemble_thucthicaulenh(1117) Zhuangzi1 pf 2310 3706
2024-12-16 00:02:07,872 ERROR auto_assemble_thucthicaulenh(1117) Zhuangzi1 pf 2310 3706
2024-12-16 00:02:08,158 ERROR auto_assemble_thucthicaulenh(1117) Zhuangzi1 pf 2310 3706
2024-12-16 00:02:08,458 ERROR auto_assemble_thucthicaulenh(1117) Zhuangzi1 pf 2310 3706
2024-12-16 00:02:08,507 ERROR auto_assemble_dichuyen(1216) Zhuangzi2: auto_assemble_dichuyen: 430 266
2024-12-16 00:02:08,752 ERROR auto_assemble_thucthicaulenh(1117) Zhuangzi1 pf 2310 3706
2024-12-16 00:02:08,847 ERROR auto_assemble_thucthicaulenh(1117) Zhuangzi2 pf 2310 3705
2024-12-16 00:02:09,034 ERROR auto_assemble_thucthicaulenh(1117) Zhuangzi1 pf 2310 3706
2024-12-16 00:02:09,130 ERROR auto_assemble_thucthicaulenh(1117) Zhuangzi2 pf 2310 3705
2024-12-16 00:02:09,325 ERROR auto_assemble_thucthicaulenh(1117) Zhuangzi1 pf 2310 3706
2024-12-16 00:02:09,422 ERROR auto_assemble_thucthicaulenh(1117) Zhuangzi2 pf 2310 3705
2024-12-16 00:02:09,614 ERROR auto_assemble_thucthicaulenh(1117) Zhuangzi1 pf 2310 3706
2024-12-16 00:02:09,697 ERROR auto_assemble_thucthicaulenh(1117) Zhuangzi2 pf 2310 3705
2024-12-16 00:02:09,788 ERROR auto_assemble_dichuyen(1216) Zhuangzi2: auto_assemble_dichuyen: 430 266
2024-12-16 00:02:09,910 ERROR auto_assemble_thucthicaulenh(1117) Zhuangzi1 pf 2310 3706
2024-12-16 00:02:10,155 ERROR auto_assemble_thucthicaulenh(1117) Zhuangzi2 pf 2310 3705
2024-12-16 00:02:10,191 ERROR auto_assemble_thucthicaulenh(1117) Zhuangzi1 pf 2310 3706
2024-12-16 00:02:10,446 ERROR auto_assemble_thucthicaulenh(1117) Zhuangzi2 pf 2310 3705
2024-12-16 00:02:10,482 ERROR auto_assemble_thucthicaulenh(1117) Zhuangzi1 pf 2310 3706
2024-12-16 00:02:10,722 ERROR auto_assemble_thucthicaulenh(1117) Zhuangzi2 pf 2310 3705
2024-12-16 00:02:10,757 ERROR auto_assemble_thucthicaulenh(1117) Zhuangzi1 pf 2310 3706
2024-12-16 00:02:11,004 ERROR auto_assemble_thucthicaulenh(1117) Zhuangzi2 pf 2310 3705
2024-12-16 00:02:11,050 ERROR auto_assemble_thucthicaulenh(1117) Zhuangzi1 pf 2310 3706
2024-12-16 00:02:11,282 ERROR auto_assemble_thucthicaulenh(1117) Zhuangzi2 pf 2310 3705
2024-12-16 00:02:11,333 ERROR auto_assemble_thucthicaulenh(1117) Zhuangzi1 pf 2310 3706
2024-12-16 00:02:11,544 ERROR auto_assemble_dichuyen(1216) Zhuangzi1: auto_assemble_dichuyen: 430 333
2024-12-16 00:02:11,573 ERROR auto_assemble_thucthicaulenh(1117) Zhuangzi2 pf 2310 3705
2024-12-16 00:02:11,867 ERROR auto_assemble_thucthicaulenh(1117) Zhuangzi2 pf 2310 3705
2024-12-16 00:02:11,885 ERROR auto_assemble_thucthicaulenh(1117) Zhuangzi1 pf 2310 3706
2024-12-16 00:02:12,078 ERROR auto_assemble_dichuyen(1216) Zhuangzi2: auto_assemble_dichuyen: 385 600
2024-12-16 00:02:12,141 ERROR auto_assemble_thucthicaulenh(1117) Zhuangzi1 pf 2316
2024-12-16 00:02:12,149 ERROR auto_assemble_thucthicaulenh(1117) Zhuangzi2 pf 2314 3705
2024-12-16 00:02:12,425 ERROR auto_assemble_thucthicaulenh(1117) Zhuangzi1 pf 2316
2024-12-16 00:02:12,444 ERROR auto_assemble_thucthicaulenh(1117) Zhuangzi2 pf 2314 3705
2024-12-16 00:02:12,560 ERROR auto_assemble_dichuyen(1216) Zhuangzi1: auto_assemble_dichuyen: 385 66
2024-12-16 00:02:12,700 ERROR auto_assemble_thucthicaulenh(1117) Zhuangzi1 pf 2316
2024-12-16 00:02:12,730 ERROR auto_assemble_thucthicaulenh(1117) Zhuangzi2 pf 2314 3705
2024-12-16 00:02:12,984 ERROR auto_assemble_thucthicaulenh(1117) Zhuangzi1 pf 2314 3706
2024-12-16 00:02:13,016 ERROR auto_assemble_thucthicaulenh(1117) Zhuangzi2 pf 2314 3705
2024-12-16 00:02:13,085 ERROR auto_assemble_dichuyen(1216) Zhuangzi2: auto_assemble_dichuyen: 385 600
2024-12-16 00:02:13,240 ERROR auto_assemble_thucthicaulenh(1117) Zhuangzi1 pf 2214 3706
2024-12-16 00:02:13,267 ERROR auto_assemble_thucthicaulenh(1117) Zhuangzi2 pf 2214 3705
2024-12-16 00:02:13,551 ERROR auto_assemble_thucthicaulenh(1117) Zhuangzi1 pf 2214 3706
2024-12-16 00:02:13,565 ERROR auto_assemble_thucthicaulenh(1117) Zhuangzi2 pf 2216 83,63
2024-12-16 00:02:13,794 ERROR auto_assemble_dichuyen(1216) Zhuangzi1: auto_assemble_dichuyen: 430 -33
2024-12-16 00:02:13,828 ERROR auto_assemble_thucthicaulenh(1117) Zhuangzi2 pf 2310 3705
2024-12-16 00:02:13,859 ERROR auto_assemble_thucthicaulenh(1117) Zhuangzi1 pf 2310 3706
2024-12-16 00:02:14,097 ERROR auto_assemble_dichuyen(1216) Zhuangzi2: auto_assemble_dichuyen: 430 166
2024-12-16 00:02:14,148 ERROR auto_assemble_thucthicaulenh(1117) Zhuangzi1 pf 2310 3706
2024-12-16 00:02:14,436 ERROR auto_assemble_thucthicaulenh(1117) Zhuangzi1 pf 2310 3706
2024-12-16 00:02:14,528 ERROR auto_assemble_thucthicaulenh(1117) Zhuangzi2 pf 2310 3705
2024-12-16 00:02:14,725 ERROR auto_assemble_thucthicaulenh(1117) Zhuangzi1 pf 2310 3706
2024-12-16 00:02:14,813 ERROR auto_assemble_dichuyen(1216) Zhuangzi1: auto_assemble_dichuyen: 430 -33
2024-12-16 00:02:14,815 ERROR auto_assemble_thucthicaulenh(1117) Zhuangzi2 pf 2310 3705
2024-12-16 00:02:14,997 ERROR auto_assemble_thucthicaulenh(1117) Zhuangzi1 pf 2214 3706
2024-12-16 00:05:24,695 ERROR auto_assemble_thucthicaulenh(1117) Zhuangzi2 use d2d3#
2024-12-16 00:05:25,249 ERROR auto_assemble_thucthicaulenh(1117) Zhuangzi1 use ce32#
2024-12-16 00:05:31,191 ERROR auto_assemble_dichuyen(1216) Zhuangzi1: auto_assemble_dichuyen: 430 466
2024-12-16 00:05:32,396 ERROR auto_assemble_thucthicaulenh(1117) Zhuangzi2 pf 2310 3705
2024-12-16 00:05:32,532 ERROR auto_assemble_dichuyen(1216) Zhuangzi2: auto_assemble_dichuyen: 385 633
2024-12-16 00:05:32,665 ERROR auto_assemble_thucthicaulenh(1117) Zhuangzi2 pf 2314 3705
2024-12-16 00:05:32,700 ERROR auto_assemble_thucthicaulenh(1117) Zhuangzi1 pf 2310 3706
2024-12-16 00:05:32,956 ERROR auto_assemble_thucthicaulenh(1117) Zhuangzi2 pf 2314 3705
2024-12-16 00:05:32,985 ERROR auto_assemble_thucthicaulenh(1117) Zhuangzi1 pf 2310 3706
2024-12-16 00:05:33,049 ERROR auto_assemble_dichuyen(1216) Zhuangzi2: auto_assemble_dichuyen: 385 600
2024-12-16 00:05:33,240 ERROR auto_assemble_thucthicaulenh(1117) Zhuangzi2 pf 2314 3705
2024-12-16 00:05:33,265 ERROR auto_assemble_thucthicaulenh(1117) Zhuangzi1 pf 2310 3706
2024-12-16 00:05:33,512 ERROR auto_assemble_thucthicaulenh(1117) Zhuangzi2 pf 2314 3705
2024-12-16 00:05:33,541 ERROR auto_assemble_thucthicaulenh(1117) Zhuangzi1 pf 2310 3706
2024-12-16 00:05:33,556 ERROR auto_assemble_dichuyen(1216) Zhuangzi2: auto_assemble_dichuyen: 385 600
2024-12-16 00:05:33,719 ERROR auto_assemble_dichuyen(1216) Zhuangzi1: auto_assemble_dichuyen: 430 433
2024-12-16 00:05:33,797 ERROR auto_assemble_thucthicaulenh(1117) Zhuangzi1 pf 2214 3706
2024-12-16 00:05:34,068 ERROR auto_assemble_thucthicaulenh(1117) Zhuangzi1 pf 2310 3706
2024-12-16 00:05:34,227 ERROR auto_assemble_dichuyen(1216) Zhuangzi1: auto_assemble_dichuyen: 430 266
2024-12-16 00:05:34,348 ERROR auto_assemble_thucthicaulenh(1117) Zhuangzi1 pf 2310 3706
2024-12-16 00:05:34,627 ERROR auto_assemble_thucthicaulenh(1117) Zhuangzi1 pf 2310 3706
2024-12-16 00:05:34,743 ERROR auto_assemble_dichuyen(1216) Zhuangzi1: auto_assemble_dichuyen: 430 200
2024-12-16 00:05:34,883 ERROR auto_assemble_thucthicaulenh(1117) Zhuangzi1 pf 2316
2024-12-16 00:05:35,275 ERROR auto_assemble_thucthicaulenh(1117) Zhuangzi1 pf 2216 80,59
2024-12-16 00:05:35,409 ERROR auto_assemble_thucthicaulenh(1117) Zhuangzi2 pf 3254
2024-12-16 00:05:35,459 ERROR auto_assemble_dichuyen(1216) Zhuangzi1: auto_assemble_dichuyen: 430 433
2024-12-16 00:05:35,977 ERROR auto_assemble_dichuyen(1216) Zhuangzi1: auto_assemble_dichuyen: 430 433
2024-12-16 00:05:36,177 ERROR auto_assemble_thucthicaulenh(1117) Zhuangzi1 pf 2310 3706
2024-12-16 00:05:36,263 ERROR auto_assemble_thucthicaulenh(1117) Zhuangzi2 pf 2310 3705
2024-12-16 00:05:36,457 ERROR auto_assemble_thucthicaulenh(1117) Zhuangzi1 pf 2310 3706
2024-12-16 00:05:36,478 ERROR auto_assemble_dichuyen(1216) Zhuangzi1: auto_assemble_dichuyen: 474 0
2024-12-16 00:05:36,543 ERROR auto_assemble_thucthicaulenh(1117) Zhuangzi2 pf 2310 3705
2024-12-16 00:05:36,657 ERROR auto_assemble_dichuyen(1216) Zhuangzi2: auto_assemble_dichuyen: 430 166
2024-12-16 00:05:36,817 ERROR auto_assemble_thucthicaulenh(1117) Zhuangzi2 pf 2214 3705
2024-12-16 00:05:37,096 ERROR auto_assemble_thucthicaulenh(1117) Zhuangzi2 pf 2214 3705
2024-12-16 00:05:37,372 ERROR auto_assemble_thucthicaulenh(1117) Zhuangzi2 pf 2214 3705
2024-12-16 00:05:37,660 ERROR auto_assemble_thucthicaulenh(1117) Zhuangzi2 pf 2214 3705
2024-12-16 00:05:37,820 ERROR auto_assemble_dichuyen(1216) Zhuangzi2: auto_assemble_dichuyen: 430 166
2024-12-16 00:05:37,948 ERROR auto_assemble_thucthicaulenh(1117) Zhuangzi2 pf 2214 3705
2024-12-16 00:05:38,234 ERROR auto_assemble_thucthicaulenh(1117) Zhuangzi2 pf 2214 3705
2024-12-16 00:05:38,542 ERROR auto_assemble_thucthicaulenh(1117) Zhuangzi2 pf 2214 3705
2024-12-16 00:05:38,824 ERROR auto_assemble_thucthicaulenh(1117) Zhuangzi2 pf 2214 3705
2024-12-16 00:05:39,004 ERROR auto_assemble_dichuyen(1216) Zhuangzi2: auto_assemble_dichuyen: 430 200
2024-12-16 00:05:39,147 ERROR auto_assemble_thucthicaulenh(1117) Zhuangzi2 pf 2214 3705
2024-12-16 00:05:39,220 ERROR auto_assemble_thucthicaulenh(1117) Zhuangzi1 pf 2310 3706
2024-12-16 00:05:39,409 ERROR auto_assemble_dichuyen(1216) Zhuangzi1: auto_assemble_dichuyen: 518 33
2024-12-16 00:05:39,493 ERROR auto_assemble_thucthicaulenh(1117) Zhuangzi1 pf 2316
2024-12-16 00:05:39,790 ERROR auto_assemble_thucthicaulenh(1117) Zhuangzi1 pf 2316
2024-12-16 00:05:39,913 ERROR auto_assemble_dichuyen(1216) Zhuangzi1: auto_assemble_dichuyen: 518 66
2024-12-16 00:05:39,977 ERROR auto_assemble_thucthicaulenh(1117) Zhuangzi2 pf 2310 3705
2024-12-16 00:05:40,053 ERROR auto_assemble_thucthicaulenh(1117) Zhuangzi1 pf 2314 3706
2024-12-16 00:05:40,228 ERROR auto_assemble_thucthicaulenh(1117) Zhuangzi2 pf 2316
2024-12-16 00:05:40,272 ERROR auto_assemble_dichuyen(1216) Zhuangzi2: auto_assemble_dichuyen: 341 533
2024-12-16 00:05:40,351 ERROR auto_assemble_thucthicaulenh(1117) Zhuangzi1 pf 2314 3706
2024-12-16 00:05:40,443 ERROR auto_assemble_dichuyen(1216) Zhuangzi1: auto_assemble_dichuyen: 518 66
2024-12-16 00:05:40,502 ERROR auto_assemble_thucthicaulenh(1117) Zhuangzi2 pf 2316
2024-12-16 00:05:40,791 ERROR auto_assemble_dichuyen(1216) Zhuangzi2: auto_assemble_dichuyen: 430 200
2024-12-16 00:05:41,116 ERROR auto_assemble_thucthicaulenh(1117) Zhuangzi2 pf 2314 3705
2024-12-16 00:05:41,133 ERROR auto_assemble_thucthicaulenh(1117) Zhuangzi1 pf 2310 3706
2024-12-16 00:05:41,155 ERROR auto_assemble_dichuyen(1216) Zhuangzi1: auto_assemble_dichuyen: 518 0
2024-12-16 00:05:41,308 ERROR auto_assemble_dichuyen(1216) Zhuangzi2: auto_assemble_dichuyen: 341 600
2024-12-16 00:05:41,389 ERROR auto_assemble_thucthicaulenh(1117) Zhuangzi2 pf 2310 3705
2024-12-16 00:05:41,695 ERROR auto_assemble_dichuyen(1216) Zhuangzi1: auto_assemble_dichuyen: 430 400
2024-12-16 00:05:42,207 ERROR auto_assemble_dichuyen(1216) Zhuangzi1: auto_assemble_dichuyen: 430 400
2024-12-16 00:05:42,309 ERROR auto_assemble_thucthicaulenh(1117) Zhuangzi2 pf 2216 81,77
2024-12-16 00:05:42,317 ERROR auto_assemble_thucthicaulenh(1117) Zhuangzi1 pf 2216 79,64
2024-12-16 00:05:42,552 ERROR auto_assemble_dichuyen(1216) Zhuangzi2: auto_assemble_dichuyen: 518 533
2024-12-16 00:05:42,581 ERROR auto_assemble_thucthicaulenh(1117) Zhuangzi1 pf 2310 3706
2024-12-16 00:05:42,598 ERROR auto_assemble_thucthicaulenh(1117) Zhuangzi2 pf 2310 3705
2024-12-16 00:05:42,714 ERROR auto_assemble_dichuyen(1216) Zhuangzi1: auto_assemble_dichuyen: 341 66
2024-12-16 00:05:42,843 ERROR auto_assemble_thucthicaulenh(1117) Zhuangzi1 pf 2314 3706
2024-12-16 00:05:42,877 ERROR auto_assemble_thucthicaulenh(1117) Zhuangzi2 pf 2316
2024-12-16 00:05:43,072 ERROR auto_assemble_dichuyen(1216) Zhuangzi2: auto_assemble_dichuyen: 518 533
2024-12-16 00:05:43,116 ERROR auto_assemble_thucthicaulenh(1117) Zhuangzi1 pf 2314 3706
2024-12-16 00:05:43,183 ERROR auto_assemble_thucthicaulenh(1117) Zhuangzi2 pf 2316
2024-12-16 00:05:43,235 ERROR auto_assemble_dichuyen(1216) Zhuangzi1: auto_assemble_dichuyen: 341 66
2024-12-16 00:05:43,395 ERROR auto_assemble_thucthicaulenh(1117) Zhuangzi1 pf 2314 3706
2024-12-16 00:05:43,465 ERROR auto_assemble_thucthicaulenh(1117) Zhuangzi2 pf 2316
2024-12-16 00:05:43,602 ERROR auto_assemble_dichuyen(1216) Zhuangzi2: auto_assemble_dichuyen: 518 533
2024-12-16 00:05:43,675 ERROR auto_assemble_thucthicaulenh(1117) Zhuangzi1 pf 2314 3706
2024-12-16 00:05:43,730 ERROR auto_assemble_thucthicaulenh(1117) Zhuangzi2 pf 2310 3705
2024-12-16 00:05:43,741 ERROR auto_assemble_dichuyen(1216) Zhuangzi1: auto_assemble_dichuyen: 341 66
2024-12-16 00:05:43,945 ERROR auto_assemble_thucthicaulenh(1117) Zhuangzi1 pf 3254
2024-12-16 00:05:44,029 ERROR auto_assemble_thucthicaulenh(1117) Zhuangzi2 pf 2310 3705
2024-12-16 00:05:44,114 ERROR auto_assemble_dichuyen(1216) Zhuangzi2: auto_assemble_dichuyen: 518 533
2024-12-16 00:05:44,218 ERROR auto_assemble_thucthicaulenh(1117) Zhuangzi1 pf 3254
2024-12-16 00:05:44,374 ERROR auto_assemble_thucthicaulenh(1117) Zhuangzi2 pf 2310 3705
2024-12-16 00:05:44,498 ERROR auto_assemble_thucthicaulenh(1117) Zhuangzi1 pf 3254
2024-12-16 00:05:44,656 ERROR auto_assemble_thucthicaulenh(1117) Zhuangzi2 pf 2310 3705
2024-12-16 00:05:44,678 ERROR auto_assemble_dichuyen(1216) Zhuangzi2: auto_assemble_dichuyen: 518 466
2024-12-16 00:05:44,796 ERROR auto_assemble_thucthicaulenh(1117) Zhuangzi1 pf 3254
2024-12-16 00:05:44,915 ERROR auto_assemble_thucthicaulenh(1117) Zhuangzi2 pf 2316
2024-12-16 00:05:45,025 ERROR auto_assemble_dichuyen(1216) Zhuangzi1: auto_assemble_dichuyen: 341 66
2024-12-16 00:05:45,081 ERROR auto_assemble_thucthicaulenh(1117) Zhuangzi1 pf 2310 3706
2024-12-16 00:05:45,190 ERROR auto_assemble_dichuyen(1216) Zhuangzi2: auto_assemble_dichuyen: 518 466
2024-12-16 00:05:45,245 ERROR auto_assemble_thucthicaulenh(1117) Zhuangzi2 pf 2316
2024-12-16 00:05:45,455 ERROR auto_assemble_thucthicaulenh(1117) Zhuangzi1 pf 2310 3706
2024-12-16 00:05:45,553 ERROR auto_assemble_dichuyen(1216) Zhuangzi1: auto_assemble_dichuyen: 341 66
2024-12-16 00:05:45,746 ERROR auto_assemble_thucthicaulenh(1117) Zhuangzi1 pf 2310 3706
2024-12-16 00:05:45,900 ERROR auto_assemble_dichuyen(1216) Zhuangzi2: auto_assemble_dichuyen: 430 200
2024-12-16 00:05:46,102 ERROR auto_assemble_thucthicaulenh(1117) Zhuangzi1 pf 2214 3706
2024-12-16 00:05:46,383 ERROR auto_assemble_thucthicaulenh(1117) Zhuangzi1 pf 2214 3706
2024-12-16 00:05:46,418 ERROR auto_assemble_dichuyen(1216) Zhuangzi2: auto_assemble_dichuyen: 430 200
2024-12-16 00:05:46,486 ERROR auto_assemble_dichuyen(1216) Zhuangzi1: auto_assemble_dichuyen: 474 400
2024-12-16 00:05:46,494 ERROR auto_assemble_thucthicaulenh(1117) Zhuangzi2 pf 2310 3705
2024-12-16 00:05:46,660 ERROR auto_assemble_thucthicaulenh(1117) Zhuangzi1 pf 2314 3706
2024-12-16 00:05:46,779 ERROR auto_assemble_thucthicaulenh(1117) Zhuangzi2 pf 2310 3705
2024-12-16 00:05:46,925 ERROR auto_assemble_dichuyen(1216) Zhuangzi2: auto_assemble_dichuyen: 518 600
2024-12-16 00:05:46,927 ERROR auto_assemble_thucthicaulenh(1117) Zhuangzi1 pf 2310 3706
2024-12-16 00:05:46,990 ERROR auto_assemble_dichuyen(1216) Zhuangzi1: auto_assemble_dichuyen: 296 -66
2024-12-16 00:05:47,056 ERROR auto_assemble_thucthicaulenh(1117) Zhuangzi2 pf 2310 3705
2024-12-16 00:05:47,224 ERROR auto_assemble_thucthicaulenh(1117) Zhuangzi1 pf 2310 3706
2024-12-16 00:05:47,493 ERROR auto_assemble_dichuyen(1216) Zhuangzi1: auto_assemble_dichuyen: 474 400
2024-12-16 00:05:47,647 ERROR auto_assemble_thucthicaulenh(1117) Zhuangzi1 pf 2216 82,62
2024-12-16 00:05:47,657 ERROR auto_assemble_thucthicaulenh(1117) Zhuangzi2 pf 2216 79,74
2024-12-16 00:05:47,870 ERROR auto_assemble_dichuyen(1216) Zhuangzi2: auto_assemble_dichuyen: 296 466
2024-12-16 00:05:47,914 ERROR auto_assemble_thucthicaulenh(1117) Zhuangzi1 pf 2310 3706
2024-12-16 00:05:47,950 ERROR auto_assemble_thucthicaulenh(1117) Zhuangzi2 pf 2310 3705
2024-12-16 00:05:48,001 ERROR auto_assemble_dichuyen(1216) Zhuangzi1: auto_assemble_dichuyen: 563 133
2024-12-16 00:05:48,203 ERROR auto_assemble_thucthicaulenh(1117) Zhuangzi1 pf 2310 3706
2024-12-16 00:05:48,236 ERROR auto_assemble_thucthicaulenh(1117) Zhuangzi2 pf 2310 3705
2024-12-16 00:05:48,388 ERROR auto_assemble_dichuyen(1216) Zhuangzi2: auto_assemble_dichuyen: 296 466
2024-12-16 00:05:48,543 ERROR auto_assemble_dichuyen(1216) Zhuangzi1: auto_assemble_dichuyen: 385 400
2024-12-16 00:05:48,547 ERROR auto_assemble_thucthicaulenh(1117) Zhuangzi2 pf 2310 3705
2024-12-16 00:05:48,677 ERROR auto_assemble_thucthicaulenh(1117) Zhuangzi1 pf 2310 3706
2024-12-16 00:05:48,827 ERROR auto_assemble_thucthicaulenh(1117) Zhuangzi2 pf 2310 3705
2024-12-16 00:05:48,902 ERROR auto_assemble_dichuyen(1216) Zhuangzi2: auto_assemble_dichuyen: 296 466
2024-12-16 00:05:48,944 ERROR auto_assemble_thucthicaulenh(1117) Zhuangzi1 pf 2316
2024-12-16 00:05:49,064 ERROR auto_assemble_dichuyen(1216) Zhuangzi1: auto_assemble_dichuyen: 563 66
2024-12-16 00:05:49,563 ERROR auto_assemble_thucthicaulenh(1117) Zhuangzi2 pf 2316
2024-12-16 00:05:49,586 ERROR auto_assemble_dichuyen(1216) Zhuangzi2: auto_assemble_dichuyen: 296 466
2024-12-16 00:05:49,666 ERROR auto_assemble_thucthicaulenh(1117) Zhuangzi1 pf 2316
2024-12-16 00:05:49,689 ERROR auto_assemble_dichuyen(1216) Zhuangzi1: auto_assemble_dichuyen: 563 133
2024-12-16 00:05:49,883 ERROR auto_assemble_thucthicaulenh(1117) Zhuangzi2 pf 2314 3705
2024-12-16 00:05:49,919 ERROR auto_assemble_thucthicaulenh(1117) Zhuangzi1 pf 2310 3706
2024-12-16 00:05:50,094 ERROR auto_assemble_dichuyen(1216) Zhuangzi2: auto_assemble_dichuyen: 296 466
2024-12-16 00:05:50,137 ERROR auto_assemble_thucthicaulenh(1117) Zhuangzi2 pf 2310 3705
2024-12-16 00:05:50,203 ERROR auto_assemble_thucthicaulenh(1117) Zhuangzi1 pf 2310 3706
2024-12-16 00:05:50,224 ERROR auto_assemble_dichuyen(1216) Zhuangzi1: auto_assemble_dichuyen: 563 133
2024-12-16 00:05:50,408 ERROR auto_assemble_thucthicaulenh(1117) Zhuangzi2 pf 2310 3705
2024-12-16 00:05:50,630 ERROR auto_assemble_dichuyen(1216) Zhuangzi2: auto_assemble_dichuyen: 296 466
2024-12-16 00:05:50,684 ERROR auto_assemble_thucthicaulenh(1117) Zhuangzi2 pf 2310 3705
2024-12-16 00:05:50,711 ERROR auto_assemble_thucthicaulenh(1117) Zhuangzi1 pf 2310 3706
2024-12-16 00:05:50,737 ERROR auto_assemble_dichuyen(1216) Zhuangzi1: auto_assemble_dichuyen: 652 66
2024-12-16 00:05:50,940 ERROR auto_assemble_thucthicaulenh(1117) Zhuangzi2 pf 2214 3705
2024-12-16 00:05:50,998 ERROR auto_assemble_thucthicaulenh(1117) Zhuangzi1 pf 2310 3706
2024-12-16 00:05:51,232 ERROR auto_assemble_thucthicaulenh(1117) Zhuangzi2 pf 2214 3705
2024-12-16 00:05:51,306 ERROR auto_assemble_dichuyen(1216) Zhuangzi2: auto_assemble_dichuyen: 430 333
2024-12-16 00:05:51,492 ERROR auto_assemble_thucthicaulenh(1117) Zhuangzi2 pf 2310 3705
2024-12-16 00:05:51,781 ERROR auto_assemble_thucthicaulenh(1117) Zhuangzi2 pf 2310 3705
2024-12-16 00:05:51,818 ERROR auto_assemble_thucthicaulenh(1117) Zhuangzi1 pf 2314 3706
2024-12-16 00:05:51,825 ERROR auto_assemble_dichuyen(1216) Zhuangzi2: auto_assemble_dichuyen: 430 333
2024-12-16 00:05:51,841 ERROR auto_assemble_dichuyen(1216) Zhuangzi1: auto_assemble_dichuyen: 430 266
2024-12-16 00:05:52,084 ERROR auto_assemble_thucthicaulenh(1117) Zhuangzi2 pf 2310 3705
2024-12-16 00:05:52,092 ERROR auto_assemble_thucthicaulenh(1117) Zhuangzi1 pf 2314 3706
2024-12-16 00:05:57,748 ERROR auto_assemble_thucthicaulenh(1117) Zhuangzi2 pf 3252 3706
2024-12-16 00:05:58,239 ERROR auto_assemble_thucthicaulenh(1117) Zhuangzi1 use ce32#
2024-12-16 00:05:58,255 ERROR auto_assemble_thucthicaulenh(1117) Zhuangzi2 use d2d3#
2024-12-16 00:05:58,498 ERROR auto_assemble_thucthicaulenh(1117) Zhuangzi1 pf 3252 3705
2024-12-16 00:06:00,922 ERROR auto_assemble_thucthicaulenh(1117) Zhuangzi2 pf 3252 3706
2024-12-16 00:06:01,670 ERROR auto_assemble_thucthicaulenh(1117) Zhuangzi1 pf 3252 3705
2024-12-16 00:06:04,156 ERROR auto_assemble_thucthicaulenh(1117) Zhuangzi2 pf 3252 3706
2024-12-16 00:06:04,874 ERROR auto_assemble_thucthicaulenh(1117) Zhuangzi1 pf 3252 3705
2024-12-16 00:06:05,148 ERROR auto_assemble_thucthicaulenh(1117) Zhuangzi1 pf 3252 3705
2024-12-16 00:06:05,423 ERROR auto_assemble_thucthicaulenh(1117) Zhuangzi1 pf 3252 3705
2024-12-16 00:06:05,705 ERROR auto_assemble_thucthicaulenh(1117) Zhuangzi1 pf 3252 3705
2024-12-16 00:06:07,381 ERROR auto_assemble_thucthicaulenh(1117) Zhuangzi2 pf 3252 3706
2024-12-16 00:06:08,920 ERROR auto_assemble_thucthicaulenh(1117) Zhuangzi1 pf 3252 3705
2024-12-16 00:06:12,168 ERROR auto_assemble_thucthicaulenh(1117) Zhuangzi1 pf 3252 3705
2024-12-16 00:06:15,382 ERROR auto_assemble_thucthicaulenh(1117) Zhuangzi1 pf 3252 3705
2024-12-16 00:06:19,259 ERROR auto_assemble_thucthicaulenh(1117) Zhuangzi2 pf 2310 3705
2024-12-16 00:06:19,534 ERROR auto_assemble_thucthicaulenh(1117) Zhuangzi2 pf 2310 3705
2024-12-16 00:06:19,809 ERROR auto_assemble_thucthicaulenh(1117) Zhuangzi2 pf 2310 3705
2024-12-16 00:06:19,872 ERROR auto_assemble_dichuyen(1216) Zhuangzi1: auto_assemble_dichuyen: 385 333
2024-12-16 00:06:20,114 ERROR auto_assemble_thucthicaulenh(1117) Zhuangzi2 pf 2310 3705
2024-12-16 00:06:20,202 ERROR auto_assemble_thucthicaulenh(1117) Zhuangzi1 pf 2310 3706
2024-12-16 00:06:20,418 ERROR auto_assemble_dichuyen(1216) Zhuangzi1: auto_assemble_dichuyen: 430 300
2024-12-16 00:06:20,420 ERROR auto_assemble_thucthicaulenh(1117) Zhuangzi2 pf 2310 3705
2024-12-16 00:06:20,460 ERROR auto_assemble_thucthicaulenh(1117) Zhuangzi1 pf 2314 3706
2024-12-16 00:06:20,694 ERROR auto_assemble_thucthicaulenh(1117) Zhuangzi2 pf 2310 3705
2024-12-16 00:06:20,741 ERROR auto_assemble_thucthicaulenh(1117) Zhuangzi1 pf 2314 3706
2024-12-16 00:06:20,789 ERROR auto_assemble_dichuyen(1216) Zhuangzi2: auto_assemble_dichuyen: 430 300
2024-12-16 00:06:20,925 ERROR auto_assemble_dichuyen(1216) Zhuangzi1: auto_assemble_dichuyen: 430 300
2024-12-16 00:06:20,946 ERROR auto_assemble_thucthicaulenh(1117) Zhuangzi2 pf 2316
2024-12-16 00:06:21,034 ERROR auto_assemble_thucthicaulenh(1117) Zhuangzi1 pf 2314 3706
2024-12-16 00:06:21,225 ERROR auto_assemble_thucthicaulenh(1117) Zhuangzi2 pf 2316
2024-12-16 00:06:21,300 ERROR auto_assemble_thucthicaulenh(1117) Zhuangzi1 pf 2312 3706
2024-12-16 00:06:21,302 ERROR auto_assemble_dichuyen(1216) Zhuangzi2: auto_assemble_dichuyen: 430 300
2024-12-16 00:06:21,460 ERROR auto_assemble_dichuyen(1216) Zhuangzi1: auto_assemble_dichuyen: 430 300
2024-12-16 00:06:21,514 ERROR auto_assemble_thucthicaulenh(1117) Zhuangzi2 pf 2316
2024-12-16 00:06:21,566 ERROR auto_assemble_thucthicaulenh(1117) Zhuangzi1 pf 2310 3706
2024-12-16 00:06:21,784 ERROR auto_assemble_thucthicaulenh(1117) Zhuangzi2 pf 2310 3705
2024-12-16 00:06:21,805 ERROR auto_assemble_dichuyen(1216) Zhuangzi2: auto_assemble_dichuyen: 430 300
2024-12-16 00:06:21,866 ERROR auto_assemble_thucthicaulenh(1117) Zhuangzi1 pf 2310 3706
2024-12-16 00:06:21,983 ERROR auto_assemble_dichuyen(1216) Zhuangzi1: auto_assemble_dichuyen: 430 300
2024-12-16 00:06:22,051 ERROR auto_assemble_thucthicaulenh(1117) Zhuangzi2 pf 2316
2024-12-16 00:06:22,119 ERROR auto_assemble_thucthicaulenh(1117) Zhuangzi1 pf 2312 3706
2024-12-16 00:06:22,316 ERROR auto_assemble_dichuyen(1216) Zhuangzi2: auto_assemble_dichuyen: 430 300
2024-12-16 00:06:22,360 ERROR auto_assemble_thucthicaulenh(1117) Zhuangzi2 pf 2316
2024-12-16 00:06:22,400 ERROR auto_assemble_thucthicaulenh(1117) Zhuangzi1 pf 2312 3706
2024-12-16 00:06:22,503 ERROR auto_assemble_dichuyen(1216) Zhuangzi1: auto_assemble_dichuyen: 430 300
2024-12-16 00:06:22,649 ERROR auto_assemble_thucthicaulenh(1117) Zhuangzi2 pf 2316
2024-12-16 00:06:22,682 ERROR auto_assemble_thucthicaulenh(1117) Zhuangzi1 pf 2312 3706
2024-12-16 00:06:22,925 ERROR auto_assemble_thucthicaulenh(1117) Zhuangzi2 pf 3254
2024-12-16 00:06:22,954 ERROR auto_assemble_thucthicaulenh(1117) Zhuangzi1 pf 2313 3706
2024-12-16 00:06:23,008 ERROR auto_assemble_dichuyen(1216) Zhuangzi1: auto_assemble_dichuyen: 430 300
2024-12-16 00:06:23,211 ERROR auto_assemble_thucthicaulenh(1117) Zhuangzi2 pf 3254
2024-12-16 00:06:23,225 ERROR auto_assemble_thucthicaulenh(1117) Zhuangzi1 pf 2310 3706
2024-12-16 00:06:23,485 ERROR auto_assemble_thucthicaulenh(1117) Zhuangzi2 pf 3254
2024-12-16 00:06:23,512 ERROR auto_assemble_thucthicaulenh(1117) Zhuangzi1 pf 2310 3706
2024-12-16 00:06:23,533 ERROR auto_assemble_dichuyen(1216) Zhuangzi1: auto_assemble_dichuyen: 430 300
2024-12-16 00:06:23,762 ERROR auto_assemble_thucthicaulenh(1117) Zhuangzi2 pf 3254
2024-12-16 00:06:23,786 ERROR auto_assemble_thucthicaulenh(1117) Zhuangzi1 pf 2310 3706
2024-12-16 00:06:23,876 ERROR auto_assemble_dichuyen(1216) Zhuangzi2: auto_assemble_dichuyen: 430 300
2024-12-16 00:06:24,018 ERROR auto_assemble_thucthicaulenh(1117) Zhuangzi2 pf 2310 3705
2024-12-16 00:06:24,038 ERROR auto_assemble_thucthicaulenh(1117) Zhuangzi1 pf 2313 3706
2024-12-16 00:06:24,059 ERROR auto_assemble_dichuyen(1216) Zhuangzi1: auto_assemble_dichuyen: 430 300
2024-12-16 00:06:24,300 ERROR auto_assemble_thucthicaulenh(1117) Zhuangzi2 pf 2310 3705
2024-12-16 00:06:24,335 ERROR auto_assemble_thucthicaulenh(1117) Zhuangzi1 pf 2313 3706
2024-12-16 00:06:24,572 ERROR auto_assemble_dichuyen(1216) Zhuangzi1: auto_assemble_dichuyen: 430 300
2024-12-16 00:06:24,592 ERROR auto_assemble_thucthicaulenh(1117) Zhuangzi2 pf 2310 3705
2024-12-16 00:06:24,623 ERROR auto_assemble_thucthicaulenh(1117) Zhuangzi1 pf 2313 3706
2024-12-16 00:06:24,766 ERROR auto_assemble_dichuyen(1216) Zhuangzi2: auto_assemble_dichuyen: 430 300
2024-12-16 00:06:24,863 ERROR auto_assemble_thucthicaulenh(1117) Zhuangzi2 pf 2314 3705
2024-12-16 00:06:24,969 ERROR auto_assemble_thucthicaulenh(1117) Zhuangzi1 pf 2310 3706
2024-12-16 00:06:25,082 ERROR auto_assemble_dichuyen(1216) Zhuangzi1: auto_assemble_dichuyen: 430 300
2024-12-16 00:06:25,142 ERROR auto_assemble_thucthicaulenh(1117) Zhuangzi2 pf 2314 3705
2024-12-16 00:06:25,254 ERROR auto_assemble_thucthicaulenh(1117) Zhuangzi1 pf 2310 3706
2024-12-16 00:06:25,275 ERROR auto_assemble_dichuyen(1216) Zhuangzi2: auto_assemble_dichuyen: 430 300
2024-12-16 00:06:25,424 ERROR auto_assemble_thucthicaulenh(1117) Zhuangzi2 pf 2314 3705
2024-12-16 00:06:25,563 ERROR auto_assemble_thucthicaulenh(1117) Zhuangzi1 pf 2310 3706
2024-12-16 00:06:25,585 ERROR auto_assemble_dichuyen(1216) Zhuangzi1: auto_assemble_dichuyen: 430 300
2024-12-16 00:06:25,701 ERROR auto_assemble_thucthicaulenh(1117) Zhuangzi2 pf 2314 3705
2024-12-16 00:06:25,792 ERROR auto_assemble_dichuyen(1216) Zhuangzi2: auto_assemble_dichuyen: 430 300
2024-12-16 00:06:25,824 ERROR auto_assemble_thucthicaulenh(1117) Zhuangzi1 pf 3252 3705
2024-12-16 00:06:25,999 ERROR auto_assemble_thucthicaulenh(1117) Zhuangzi2 pf 2310 3705
2024-12-16 00:06:26,087 ERROR auto_assemble_dichuyen(1216) Zhuangzi1: auto_assemble_dichuyen: 430 300
2024-12-16 00:06:26,130 ERROR auto_assemble_thucthicaulenh(1117) Zhuangzi1 pf 3252 3705
2024-12-16 00:06:26,283 ERROR auto_assemble_thucthicaulenh(1117) Zhuangzi2 pf 2310 3705
2024-12-16 00:06:26,305 ERROR auto_assemble_dichuyen(1216) Zhuangzi2: auto_assemble_dichuyen: 430 300
2024-12-16 00:06:26,411 ERROR auto_assemble_thucthicaulenh(1117) Zhuangzi1 pf 3252 3705
2024-12-16 00:06:26,599 ERROR auto_assemble_thucthicaulenh(1117) Zhuangzi2 pf 2310 3705
2024-12-16 00:06:26,810 ERROR auto_assemble_dichuyen(1216) Zhuangzi2: auto_assemble_dichuyen: 430 300
2024-12-16 00:06:26,873 ERROR auto_assemble_thucthicaulenh(1117) Zhuangzi2 pf 2310 3705
2024-12-16 00:06:27,163 ERROR auto_assemble_thucthicaulenh(1117) Zhuangzi2 pf 2310 3705
2024-12-16 00:06:27,445 ERROR auto_assemble_thucthicaulenh(1117) Zhuangzi2 pf 2310 3705
2024-12-16 00:06:27,701 ERROR auto_assemble_thucthicaulenh(1117) Zhuangzi2 pf 3252 3706
2024-12-16 00:06:29,843 ERROR auto_assemble_thucthicaulenh(1117) Zhuangzi1 pf 3252 3705
2024-12-16 00:06:30,911 ERROR auto_assemble_thucthicaulenh(1117) Zhuangzi2 pf 3252 3706
2024-12-16 00:06:32,288 ERROR auto_assemble_thucthicaulenh(1117) Zhuangzi2 pf 2310 3705
2024-12-16 00:06:32,314 ERROR auto_assemble_thucthicaulenh(1117) Zhuangzi1 pf 2310 3706
2024-12-16 00:06:32,452 ERROR auto_assemble_dichuyen(1216) Zhuangzi2: auto_assemble_dichuyen: 430 300
2024-12-16 00:06:32,569 ERROR auto_assemble_thucthicaulenh(1117) Zhuangzi2 pf 2316
2024-12-16 00:06:32,597 ERROR auto_assemble_thucthicaulenh(1117) Zhuangzi1 pf 2310 3706
2024-12-16 00:06:32,716 ERROR auto_assemble_dichuyen(1216) Zhuangzi1: auto_assemble_dichuyen: 430 300
2024-12-16 00:06:32,865 ERROR auto_assemble_thucthicaulenh(1117) Zhuangzi2 pf 2316
2024-12-16 00:06:32,869 ERROR auto_assemble_thucthicaulenh(1117) Zhuangzi1 pf 2314 3706
2024-12-16 00:06:32,958 ERROR auto_assemble_dichuyen(1216) Zhuangzi2: auto_assemble_dichuyen: 430 300
2024-12-16 00:06:33,116 ERROR auto_assemble_thucthicaulenh(1117) Zhuangzi2 pf 2312 3705
2024-12-16 00:06:33,157 ERROR auto_assemble_thucthicaulenh(1117) Zhuangzi1 pf 2314 3706
2024-12-16 00:06:33,230 ERROR auto_assemble_dichuyen(1216) Zhuangzi1: auto_assemble_dichuyen: 430 300
2024-12-16 00:06:33,391 ERROR auto_assemble_thucthicaulenh(1117) Zhuangzi2 pf 2312 3705
2024-12-16 00:06:33,477 ERROR auto_assemble_dichuyen(1216) Zhuangzi2: auto_assemble_dichuyen: 430 300
2024-12-16 00:06:33,651 ERROR auto_assemble_thucthicaulenh(1117) Zhuangzi2 pf 2310 3705
2024-12-16 00:06:33,732 ERROR auto_assemble_dichuyen(1216) Zhuangzi1: auto_assemble_dichuyen: 430 300
2024-12-16 00:06:33,775 ERROR auto_assemble_thucthicaulenh(1117) Zhuangzi1 pf 2310 3706
2024-12-16 00:06:33,926 ERROR auto_assemble_thucthicaulenh(1117) Zhuangzi2 pf 2310 3705
2024-12-16 00:06:33,992 ERROR auto_assemble_dichuyen(1216) Zhuangzi2: auto_assemble_dichuyen: 430 300
2024-12-16 00:06:34,076 ERROR auto_assemble_thucthicaulenh(1117) Zhuangzi1 pf 2310 3706
2024-12-16 00:06:34,213 ERROR auto_assemble_thucthicaulenh(1117) Zhuangzi2 pf 2310 3705
2024-12-16 00:06:34,233 ERROR auto_assemble_dichuyen(1216) Zhuangzi1: auto_assemble_dichuyen: 430 300
2024-12-16 00:06:34,365 ERROR auto_assemble_thucthicaulenh(1117) Zhuangzi1 pf 2310 3706
2024-12-16 00:06:34,522 ERROR auto_assemble_thucthicaulenh(1117) Zhuangzi2 pf 2310 3705
2024-12-16 00:06:34,543 ERROR auto_assemble_dichuyen(1216) Zhuangzi2: auto_assemble_dichuyen: 430 300
2024-12-16 00:06:34,642 ERROR auto_assemble_thucthicaulenh(1117) Zhuangzi1 pf 2310 3706
2024-12-16 00:06:34,760 ERROR auto_assemble_dichuyen(1216) Zhuangzi1: auto_assemble_dichuyen: 430 300
2024-12-16 00:06:34,809 ERROR auto_assemble_thucthicaulenh(1117) Zhuangzi2 pf 2310 3705
2024-12-16 00:06:35,062 ERROR auto_assemble_thucthicaulenh(1117) Zhuangzi2 pf 3252 3706
2024-12-16 00:06:35,089 ERROR auto_assemble_dichuyen(1216) Zhuangzi2: auto_assemble_dichuyen: 430 300
2024-12-16 00:06:35,269 ERROR auto_assemble_dichuyen(1216) Zhuangzi1: auto_assemble_dichuyen: 430 300
2024-12-16 00:06:35,380 ERROR auto_assemble_thucthicaulenh(1117) Zhuangzi2 pf 3252 3706
2024-12-16 00:06:35,607 ERROR auto_assemble_dichuyen(1216) Zhuangzi2: auto_assemble_dichuyen: 430 300
2024-12-16 00:06:35,653 ERROR auto_assemble_thucthicaulenh(1117) Zhuangzi2 pf 3252 3706
2024-12-16 00:06:35,783 ERROR auto_assemble_dichuyen(1216) Zhuangzi1: auto_assemble_dichuyen: 430 300
2024-12-16 00:06:35,930 ERROR auto_assemble_thucthicaulenh(1117) Zhuangzi2 pf 2312 3705
2024-12-16 00:06:35,950 ERROR auto_assemble_thucthicaulenh(1117) Zhuangzi1 pf 2310 3706
2024-12-16 00:06:36,124 ERROR auto_assemble_dichuyen(1216) Zhuangzi2: auto_assemble_dichuyen: 430 300
2024-12-16 00:06:36,300 ERROR auto_assemble_dichuyen(1216) Zhuangzi1: auto_assemble_dichuyen: 430 300
2024-12-16 00:06:36,813 ERROR auto_assemble_dichuyen(1216) Zhuangzi1: auto_assemble_dichuyen: 430 300
2024-12-16 00:06:37,149 ERROR auto_assemble_thucthicaulenh(1117) Zhuangzi1 pf 2310 3706
2024-12-16 00:06:37,314 ERROR auto_assemble_dichuyen(1216) Zhuangzi1: auto_assemble_dichuyen: 430 300
2024-12-16 00:06:37,359 ERROR auto_assemble_thucthicaulenh(1117) Zhuangzi2 pf 2310 3705
2024-12-16 00:06:37,534 ERROR auto_assemble_dichuyen(1216) Zhuangzi2: auto_assemble_dichuyen: 430 300
2024-12-16 00:06:37,631 ERROR auto_assemble_thucthicaulenh(1117) Zhuangzi2 pf 2316
2024-12-16 00:06:37,825 ERROR auto_assemble_dichuyen(1216) Zhuangzi1: auto_assemble_dichuyen: 430 300
2024-12-16 00:06:37,912 ERROR auto_assemble_thucthicaulenh(1117) Zhuangzi2 pf 2316
2024-12-16 00:06:38,037 ERROR auto_assemble_thucthicaulenh(1117) Zhuangzi1 pf 3254
2024-12-16 00:06:38,044 ERROR auto_assemble_dichuyen(1216) Zhuangzi2: auto_assemble_dichuyen: 430 300
2024-12-16 00:06:38,173 ERROR auto_assemble_thucthicaulenh(1117) Zhuangzi2 pf 2314 3705
2024-12-16 00:06:38,307 ERROR auto_assemble_thucthicaulenh(1117) Zhuangzi1 pf 2310 3706
2024-12-16 00:06:38,329 ERROR auto_assemble_dichuyen(1216) Zhuangzi1: auto_assemble_dichuyen: 430 300
2024-12-16 00:06:38,448 ERROR auto_assemble_thucthicaulenh(1117) Zhuangzi2 pf 2314 3705
2024-12-16 00:06:38,550 ERROR auto_assemble_dichuyen(1216) Zhuangzi2: auto_assemble_dichuyen: 430 300
2024-12-16 00:06:38,608 ERROR auto_assemble_thucthicaulenh(1117) Zhuangzi1 pf 2310 3706
2024-12-16 00:06:38,714 ERROR auto_assemble_thucthicaulenh(1117) Zhuangzi2 pf 2310 3705
2024-12-16 00:06:38,884 ERROR auto_assemble_thucthicaulenh(1117) Zhuangzi1 pf 2310 3706
2024-12-16 00:06:39,022 ERROR auto_assemble_thucthicaulenh(1117) Zhuangzi2 pf 2310 3705
2024-12-16 00:06:39,066 ERROR auto_assemble_dichuyen(1216) Zhuangzi2: auto_assemble_dichuyen: 430 300
2024-12-16 00:06:39,174 ERROR auto_assemble_thucthicaulenh(1117) Zhuangzi1 pf 2310 3706
2024-12-16 00:06:39,295 ERROR auto_assemble_thucthicaulenh(1117) Zhuangzi2 pf 2310 3705
2024-12-16 00:06:39,455 ERROR auto_assemble_thucthicaulenh(1117) Zhuangzi1 pf 2310 3706
2024-12-16 00:06:39,477 ERROR auto_assemble_dichuyen(1216) Zhuangzi1: auto_assemble_dichuyen: 430 333
2024-12-16 00:06:39,568 ERROR auto_assemble_thucthicaulenh(1117) Zhuangzi2 pf 2310 3705
2024-12-16 00:06:39,591 ERROR auto_assemble_dichuyen(1216) Zhuangzi2: auto_assemble_dichuyen: 430 300
2024-12-16 00:06:39,807 ERROR auto_assemble_thucthicaulenh(1117) Zhuangzi1 pf 2310 3706
2024-12-16 00:06:39,857 ERROR auto_assemble_thucthicaulenh(1117) Zhuangzi2 pf 2310 3705
2024-12-16 00:06:40,027 ERROR auto_assemble_dichuyen(1216) Zhuangzi1: auto_assemble_dichuyen: 430 300
2024-12-16 00:06:40,099 ERROR auto_assemble_dichuyen(1216) Zhuangzi2: auto_assemble_dichuyen: 430 300
2024-12-16 00:06:40,099 ERROR auto_assemble_thucthicaulenh(1117) Zhuangzi1 pf 3252 3705
2024-12-16 00:06:40,164 ERROR auto_assemble_thucthicaulenh(1117) Zhuangzi2 pf 2314 3705
2024-12-16 00:06:40,392 ERROR auto_assemble_thucthicaulenh(1117) Zhuangzi1 pf 3252 3705
2024-12-16 00:06:40,453 ERROR auto_assemble_thucthicaulenh(1117) Zhuangzi2 pf 2314 3705
2024-12-16 00:06:40,515 ERROR auto_assemble_dichuyen(1216) Zhuangzi1: auto_assemble_dichuyen: 430 300
2024-12-16 00:06:40,620 ERROR auto_assemble_dichuyen(1216) Zhuangzi2: auto_assemble_dichuyen: 430 300
2024-12-16 00:06:40,680 ERROR auto_assemble_thucthicaulenh(1117) Zhuangzi1 pf 3252 3705
2024-12-16 00:06:40,750 ERROR auto_assemble_thucthicaulenh(1117) Zhuangzi2 pf 2314 3705
2024-12-16 00:06:40,937 ERROR auto_assemble_thucthicaulenh(1117) Zhuangzi1 pf 2312 3706
2024-12-16 00:06:41,022 ERROR auto_assemble_thucthicaulenh(1117) Zhuangzi2 pf 3252 3706
2024-12-16 00:06:41,039 ERROR auto_assemble_dichuyen(1216) Zhuangzi1: auto_assemble_dichuyen: 430 300
2024-12-16 00:06:41,168 ERROR auto_assemble_dichuyen(1216) Zhuangzi2: auto_assemble_dichuyen: 430 300
2024-12-16 00:06:41,280 ERROR auto_assemble_thucthicaulenh(1117) Zhuangzi2 pf 2310 3705
2024-12-16 00:06:41,567 ERROR auto_assemble_thucthicaulenh(1117) Zhuangzi2 pf 2310 3705
2024-12-16 00:06:41,688 ERROR auto_assemble_dichuyen(1216) Zhuangzi2: auto_assemble_dichuyen: 430 300
2024-12-16 00:06:41,869 ERROR auto_assemble_thucthicaulenh(1117) Zhuangzi2 pf 2310 3705
2024-12-16 00:06:42,136 ERROR auto_assemble_thucthicaulenh(1117) Zhuangzi2 pf 2316
2024-12-16 00:06:42,211 ERROR auto_assemble_dichuyen(1216) Zhuangzi2: auto_assemble_dichuyen: 430 300
2024-12-16 00:06:42,377 ERROR auto_assemble_thucthicaulenh(1117) Zhuangzi1 pf 2310 3706
2024-12-16 00:06:42,415 ERROR auto_assemble_thucthicaulenh(1117) Zhuangzi2 pf 2316
2024-12-16 00:06:42,541 ERROR auto_assemble_dichuyen(1216) Zhuangzi1: auto_assemble_dichuyen: 430 300
2024-12-16 00:06:42,666 ERROR auto_assemble_thucthicaulenh(1117) Zhuangzi1 pf 2312 3706
2024-12-16 00:06:42,724 ERROR auto_assemble_thucthicaulenh(1117) Zhuangzi2 pf 2316
2024-12-16 00:06:42,745 ERROR auto_assemble_dichuyen(1216) Zhuangzi2: auto_assemble_dichuyen: 430 300
2024-12-16 00:06:42,962 ERROR auto_assemble_thucthicaulenh(1117) Zhuangzi1 pf 2312 3706
2024-12-16 00:06:42,989 ERROR auto_assemble_thucthicaulenh(1117) Zhuangzi2 pf 3252 3706
2024-12-16 00:06:43,090 ERROR auto_assemble_dichuyen(1216) Zhuangzi1: auto_assemble_dichuyen: 430 300
2024-12-16 00:06:43,213 ERROR auto_assemble_thucthicaulenh(1117) Zhuangzi1 pf 2313 3706
2024-12-16 00:06:43,252 ERROR auto_assemble_thucthicaulenh(1117) Zhuangzi2 pf 2310 3705
2024-12-16 00:06:43,275 ERROR auto_assemble_dichuyen(1216) Zhuangzi2: auto_assemble_dichuyen: 430 300
2024-12-16 00:06:43,480 ERROR auto_assemble_thucthicaulenh(1117) Zhuangzi1 pf 2314 3706
2024-12-16 00:06:43,528 ERROR auto_assemble_thucthicaulenh(1117) Zhuangzi2 pf 2310 3705
2024-12-16 00:06:43,599 ERROR auto_assemble_dichuyen(1216) Zhuangzi1: auto_assemble_dichuyen: 430 300
2024-12-16 00:06:43,761 ERROR auto_assemble_thucthicaulenh(1117) Zhuangzi1 pf 2310 3706
2024-12-16 00:06:43,794 ERROR auto_assemble_dichuyen(1216) Zhuangzi2: auto_assemble_dichuyen: 430 300
2024-12-16 00:06:43,836 ERROR auto_assemble_thucthicaulenh(1117) Zhuangzi2 pf 2310 3705
2024-12-16 00:06:44,014 ERROR auto_assemble_thucthicaulenh(1117) Zhuangzi1 pf 2314 3706
2024-12-16 00:06:44,122 ERROR auto_assemble_thucthicaulenh(1117) Zhuangzi2 pf 3252 3706
2024-12-16 00:06:44,123 ERROR auto_assemble_dichuyen(1216) Zhuangzi1: auto_assemble_dichuyen: 430 300
2024-12-16 00:06:44,297 ERROR auto_assemble_thucthicaulenh(1117) Zhuangzi1 pf 2314 3706
2024-12-16 00:06:44,302 ERROR auto_assemble_dichuyen(1216) Zhuangzi2: auto_assemble_dichuyen: 430 300
2024-12-16 00:06:44,400 ERROR auto_assemble_thucthicaulenh(1117) Zhuangzi2 pf 3252 3706
2024-12-16 00:06:44,584 ERROR auto_assemble_thucthicaulenh(1117) Zhuangzi1 pf 2314 3706
2024-12-16 00:06:44,627 ERROR auto_assemble_dichuyen(1216) Zhuangzi1: auto_assemble_dichuyen: 430 300
2024-12-16 00:06:44,693 ERROR auto_assemble_thucthicaulenh(1117) Zhuangzi2 pf 3252 3706
2024-12-16 00:06:44,817 ERROR auto_assemble_dichuyen(1216) Zhuangzi2: auto_assemble_dichuyen: 430 300
2024-12-16 00:06:44,876 ERROR auto_assemble_thucthicaulenh(1117) Zhuangzi1 pf 2314 3706
2024-12-16 00:06:44,987 ERROR auto_assemble_thucthicaulenh(1117) Zhuangzi2 pf 3252 3706
2024-12-16 00:06:45,144 ERROR auto_assemble_thucthicaulenh(1117) Zhuangzi1 pf 2310 3706
2024-12-16 00:06:45,166 ERROR auto_assemble_dichuyen(1216) Zhuangzi1: auto_assemble_dichuyen: 430 300
2024-12-16 00:06:45,236 ERROR auto_assemble_thucthicaulenh(1117) Zhuangzi2 pf 2310 3705
2024-12-16 00:06:45,322 ERROR auto_assemble_dichuyen(1216) Zhuangzi2: auto_assemble_dichuyen: 430 300
2024-12-16 00:06:45,425 ERROR auto_assemble_thucthicaulenh(1117) Zhuangzi1 pf 2310 3706
2024-12-16 00:06:45,515 ERROR auto_assemble_thucthicaulenh(1117) Zhuangzi2 pf 2310 3705
2024-12-16 00:06:45,669 ERROR auto_assemble_dichuyen(1216) Zhuangzi1: auto_assemble_dichuyen: 430 300
2024-12-16 00:06:45,715 ERROR auto_assemble_thucthicaulenh(1117) Zhuangzi1 pf 2310 3706
2024-12-16 00:06:45,807 ERROR auto_assemble_thucthicaulenh(1117) Zhuangzi2 pf 2310 3705
2024-12-16 00:06:45,829 ERROR auto_assemble_dichuyen(1216) Zhuangzi2: auto_assemble_dichuyen: 430 300
2024-12-16 00:06:45,995 ERROR auto_assemble_thucthicaulenh(1117) Zhuangzi1 pf 2314 3706
2024-12-16 00:06:46,059 ERROR auto_assemble_thucthicaulenh(1117) Zhuangzi2 pf 3252 3706
2024-12-16 00:06:46,178 ERROR auto_assemble_dichuyen(1216) Zhuangzi1: auto_assemble_dichuyen: 430 300
2024-12-16 00:06:46,267 ERROR auto_assemble_thucthicaulenh(1117) Zhuangzi1 pf 2314 3706
2024-12-16 00:06:46,350 ERROR auto_assemble_thucthicaulenh(1117) Zhuangzi2 pf 3252 3706
2024-12-16 00:06:46,372 ERROR auto_assemble_dichuyen(1216) Zhuangzi2: auto_assemble_dichuyen: 430 300
2024-12-16 00:06:46,563 ERROR auto_assemble_thucthicaulenh(1117) Zhuangzi1 pf 2314 3706
2024-12-16 00:06:46,626 ERROR auto_assemble_thucthicaulenh(1117) Zhuangzi2 pf 3252 3706
2024-12-16 00:06:46,684 ERROR auto_assemble_dichuyen(1216) Zhuangzi1: auto_assemble_dichuyen: 430 300
2024-12-16 00:06:46,837 ERROR auto_assemble_thucthicaulenh(1117) Zhuangzi1 pf 2314 3706
2024-12-16 00:06:46,907 ERROR auto_assemble_thucthicaulenh(1117) Zhuangzi2 pf 2316
2024-12-16 00:06:46,930 ERROR auto_assemble_dichuyen(1216) Zhuangzi2: auto_assemble_dichuyen: 430 300
2024-12-16 00:06:47,098 ERROR auto_assemble_thucthicaulenh(1117) Zhuangzi1 pf 2310 3706
2024-12-16 00:06:47,220 ERROR auto_assemble_dichuyen(1216) Zhuangzi1: auto_assemble_dichuyen: 430 300
2024-12-16 00:06:47,380 ERROR auto_assemble_thucthicaulenh(1117) Zhuangzi1 pf 2310 3706
2024-12-16 00:06:47,663 ERROR auto_assemble_thucthicaulenh(1117) Zhuangzi1 pf 2310 3706
2024-12-16 00:06:47,739 ERROR auto_assemble_dichuyen(1216) Zhuangzi1: auto_assemble_dichuyen: 430 300
2024-12-16 00:06:47,919 ERROR auto_assemble_thucthicaulenh(1117) Zhuangzi1 pf 3252 3705
2024-12-16 00:06:48,212 ERROR auto_assemble_thucthicaulenh(1117) Zhuangzi1 pf 3252 3705
2024-12-16 00:06:48,260 ERROR auto_assemble_dichuyen(1216) Zhuangzi1: auto_assemble_dichuyen: 430 300
2024-12-16 00:06:48,352 ERROR auto_assemble_thucthicaulenh(1117) Zhuangzi2 pf 2310 3705
2024-12-16 00:06:48,490 ERROR auto_assemble_thucthicaulenh(1117) Zhuangzi1 pf 3252 3705
2024-12-16 00:06:48,542 ERROR auto_assemble_dichuyen(1216) Zhuangzi2: auto_assemble_dichuyen: 430 300
2024-12-16 00:06:48,610 ERROR auto_assemble_thucthicaulenh(1117) Zhuangzi2 pf 2316
2024-12-16 00:06:48,772 ERROR auto_assemble_thucthicaulenh(1117) Zhuangzi1 pf 3252 3705
2024-12-16 00:06:48,794 ERROR auto_assemble_dichuyen(1216) Zhuangzi1: auto_assemble_dichuyen: 430 300
2024-12-16 00:06:48,896 ERROR auto_assemble_thucthicaulenh(1117) Zhuangzi2 pf 2316
2024-12-16 00:06:49,038 ERROR auto_assemble_thucthicaulenh(1117) Zhuangzi1 pf 2310 3706
2024-12-16 00:06:49,049 ERROR auto_assemble_dichuyen(1216) Zhuangzi2: auto_assemble_dichuyen: 430 300
2024-12-16 00:06:49,160 ERROR auto_assemble_thucthicaulenh(1117) Zhuangzi2 pf 2312 3705
2024-12-16 00:06:49,296 ERROR auto_assemble_dichuyen(1216) Zhuangzi1: auto_assemble_dichuyen: 430 300
2024-12-16 00:06:49,342 ERROR auto_assemble_thucthicaulenh(1117) Zhuangzi1 pf 2310 3706
2024-12-16 00:06:49,446 ERROR auto_assemble_thucthicaulenh(1117) Zhuangzi2 pf 2312 3705
2024-12-16 00:06:49,562 ERROR auto_assemble_dichuyen(1216) Zhuangzi2: auto_assemble_dichuyen: 430 300
2024-12-16 00:06:49,700 ERROR auto_assemble_thucthicaulenh(1117) Zhuangzi2 pf 2310 3705
2024-12-16 00:06:49,972 ERROR auto_assemble_thucthicaulenh(1117) Zhuangzi2 pf 3252 3706
2024-12-16 00:06:50,094 ERROR auto_assemble_dichuyen(1216) Zhuangzi2: auto_assemble_dichuyen: 430 300
2024-12-16 00:06:50,295 ERROR auto_assemble_thucthicaulenh(1117) Zhuangzi2 pf 3252 3706
2024-12-16 00:06:50,584 ERROR auto_assemble_thucthicaulenh(1117) Zhuangzi2 pf 3252 3706
2024-12-16 00:06:50,605 ERROR auto_assemble_dichuyen(1216) Zhuangzi2: auto_assemble_dichuyen: 430 300
2024-12-16 00:06:50,789 ERROR auto_assemble_thucthicaulenh(1117) Zhuangzi1 pf 2310 3706
2024-12-16 00:06:50,876 ERROR auto_assemble_thucthicaulenh(1117) Zhuangzi2 pf 3252 3706
2024-12-16 00:06:51,041 ERROR auto_assemble_dichuyen(1216) Zhuangzi1: auto_assemble_dichuyen: 430 300
2024-12-16 00:06:51,087 ERROR auto_assemble_thucthicaulenh(1117) Zhuangzi1 pf 2313 3706
2024-12-16 00:06:51,111 ERROR auto_assemble_dichuyen(1216) Zhuangzi2: auto_assemble_dichuyen: 430 300
2024-12-16 00:06:51,155 ERROR auto_assemble_thucthicaulenh(1117) Zhuangzi2 pf 2310 3705
2024-12-16 00:06:51,382 ERROR auto_assemble_thucthicaulenh(1117) Zhuangzi1 pf 2313 3706
2024-12-16 00:06:51,440 ERROR auto_assemble_thucthicaulenh(1117) Zhuangzi2 pf 2310 3705
2024-12-16 00:06:51,557 ERROR auto_assemble_dichuyen(1216) Zhuangzi1: auto_assemble_dichuyen: 430 300
2024-12-16 00:06:51,621 ERROR auto_assemble_dichuyen(1216) Zhuangzi2: auto_assemble_dichuyen: 430 300
2024-12-16 00:06:51,668 ERROR auto_assemble_thucthicaulenh(1117) Zhuangzi1 pf 2313 3706
2024-12-16 00:06:51,730 ERROR auto_assemble_thucthicaulenh(1117) Zhuangzi2 pf 2310 3705
2024-12-16 00:06:52,019 ERROR auto_assemble_thucthicaulenh(1117) Zhuangzi1 pf 3252 3705
2024-12-16 00:06:52,019 ERROR auto_assemble_thucthicaulenh(1117) Zhuangzi2 pf 2314 3705
2024-12-16 00:06:52,062 ERROR auto_assemble_dichuyen(1216) Zhuangzi1: auto_assemble_dichuyen: 430 300
2024-12-16 00:06:52,281 ERROR auto_assemble_thucthicaulenh(1117) Zhuangzi1 pf 2310 3706
2024-12-16 00:06:52,572 ERROR auto_assemble_thucthicaulenh(1117) Zhuangzi1 pf 2310 3706
2024-12-16 00:06:52,594 ERROR auto_assemble_dichuyen(1216) Zhuangzi1: auto_assemble_dichuyen: 430 300
2024-12-16 00:06:52,839 ERROR auto_assemble_thucthicaulenh(1117) Zhuangzi1 pf 3252 3705
2024-12-16 00:06:53,106 ERROR auto_assemble_dichuyen(1216) Zhuangzi1: auto_assemble_dichuyen: 430 300
2024-12-16 00:06:53,151 ERROR auto_assemble_thucthicaulenh(1117) Zhuangzi1 pf 3252 3705
2024-12-16 00:06:53,277 ERROR auto_assemble_thucthicaulenh(1117) Zhuangzi2 pf 2310 3705
2024-12-16 00:06:53,305 ERROR auto_assemble_dichuyen(1216) Zhuangzi2: auto_assemble_dichuyen: 430 300
2024-12-16 00:06:53,427 ERROR auto_assemble_thucthicaulenh(1117) Zhuangzi1 pf 3252 3705
2024-12-16 00:06:53,528 ERROR auto_assemble_thucthicaulenh(1117) Zhuangzi2 pf 2316
2024-12-16 00:06:53,632 ERROR auto_assemble_dichuyen(1216) Zhuangzi1: auto_assemble_dichuyen: 430 300
2024-12-16 00:06:53,700 ERROR auto_assemble_thucthicaulenh(1117) Zhuangzi1 pf 3252 3705
2024-12-16 00:06:53,804 ERROR auto_assemble_thucthicaulenh(1117) Zhuangzi2 pf 2316
2024-12-16 00:06:53,826 ERROR auto_assemble_dichuyen(1216) Zhuangzi2: auto_assemble_dichuyen: 430 300
2024-12-16 00:06:53,972 ERROR auto_assemble_thucthicaulenh(1117) Zhuangzi1 pf 2310 3706
2024-12-16 00:06:54,084 ERROR auto_assemble_thucthicaulenh(1117) Zhuangzi2 pf 2316
2024-12-16 00:06:54,143 ERROR auto_assemble_dichuyen(1216) Zhuangzi1: auto_assemble_dichuyen: 430 300
2024-12-16 00:06:54,266 ERROR auto_assemble_thucthicaulenh(1117) Zhuangzi1 pf 2310 3706
2024-12-16 00:06:54,347 ERROR auto_assemble_dichuyen(1216) Zhuangzi2: auto_assemble_dichuyen: 430 300
2024-12-16 00:06:54,392 ERROR auto_assemble_thucthicaulenh(1117) Zhuangzi2 use d2d9#
2024-12-16 00:06:54,543 ERROR auto_assemble_thucthicaulenh(1117) Zhuangzi1 pf 2310 3706
2024-12-16 00:06:54,663 ERROR auto_assemble_thucthicaulenh(1117) Zhuangzi2 pf 2310 3705
2024-12-16 00:06:54,830 ERROR auto_assemble_thucthicaulenh(1117) Zhuangzi1 pf 2310 3706
2024-12-16 00:06:54,859 ERROR auto_assemble_dichuyen(1216) Zhuangzi2: auto_assemble_dichuyen: 430 300
2024-12-16 00:06:54,958 ERROR auto_assemble_thucthicaulenh(1117) Zhuangzi2 pf 2310 3705
2024-12-16 00:06:54,994 ERROR auto_assemble_dichuyen(1216) Zhuangzi1: auto_assemble_dichuyen: 430 300
2024-12-16 00:06:55,105 ERROR auto_assemble_thucthicaulenh(1117) Zhuangzi1 pf 3252 3705
2024-12-16 00:06:55,226 ERROR auto_assemble_thucthicaulenh(1117) Zhuangzi2 pf 2316
2024-12-16 00:06:55,361 ERROR auto_assemble_dichuyen(1216) Zhuangzi2: auto_assemble_dichuyen: 430 300
2024-12-16 00:06:55,387 ERROR auto_assemble_thucthicaulenh(1117) Zhuangzi1 pf 3252 3705
2024-12-16 00:06:55,502 ERROR auto_assemble_dichuyen(1216) Zhuangzi1: auto_assemble_dichuyen: 430 300
2024-12-16 00:06:55,502 ERROR auto_assemble_thucthicaulenh(1117) Zhuangzi2 pf 2316
2024-12-16 00:06:55,676 ERROR auto_assemble_thucthicaulenh(1117) Zhuangzi1 pf 3252 3705
2024-12-16 00:06:55,811 ERROR auto_assemble_thucthicaulenh(1117) Zhuangzi2 pf 2316
2024-12-16 00:06:55,877 ERROR auto_assemble_dichuyen(1216) Zhuangzi2: auto_assemble_dichuyen: 430 300
2024-12-16 00:06:56,014 ERROR auto_assemble_thucthicaulenh(1117) Zhuangzi1 pf 2310 3706
2024-12-16 00:06:56,036 ERROR auto_assemble_dichuyen(1216) Zhuangzi1: auto_assemble_dichuyen: 430 300
2024-12-16 00:06:56,083 ERROR auto_assemble_thucthicaulenh(1117) Zhuangzi2 pf 2314 3705
2024-12-16 00:06:56,340 ERROR auto_assemble_thucthicaulenh(1117) Zhuangzi2 pf 2310 3705
2024-12-16 00:06:56,386 ERROR auto_assemble_dichuyen(1216) Zhuangzi2: auto_assemble_dichuyen: 430 300
2024-12-16 00:06:56,614 ERROR auto_assemble_thucthicaulenh(1117) Zhuangzi2 pf 2310 3705
2024-12-16 00:06:56,891 ERROR auto_assemble_thucthicaulenh(1117) Zhuangzi2 pf 2314 3705
2024-12-16 00:06:56,913 ERROR auto_assemble_dichuyen(1216) Zhuangzi2: auto_assemble_dichuyen: 430 300
2024-12-16 00:06:57,168 ERROR auto_assemble_thucthicaulenh(1117) Zhuangzi2 pf 2314 3705
2024-12-16 00:06:57,347 ERROR auto_assemble_thucthicaulenh(1117) Zhuangzi1 use ce2c#
2024-12-16 00:06:57,424 ERROR auto_assemble_dichuyen(1216) Zhuangzi2: auto_assemble_dichuyen: 430 300
2024-12-16 00:06:57,467 ERROR auto_assemble_thucthicaulenh(1117) Zhuangzi2 use d2d9#
2024-12-16 00:06:57,610 ERROR auto_assemble_thucthicaulenh(1117) Zhuangzi1 pf 2310 3706
2024-12-16 00:06:57,725 ERROR auto_assemble_thucthicaulenh(1117) Zhuangzi2 pf 2314 3705
2024-12-16 00:06:57,794 ERROR auto_assemble_dichuyen(1216) Zhuangzi1: auto_assemble_dichuyen: 430 300
2024-12-16 00:06:57,876 ERROR auto_assemble_thucthicaulenh(1117) Zhuangzi1 pf 2314 3706
2024-12-16 00:06:57,944 ERROR auto_assemble_dichuyen(1216) Zhuangzi2: auto_assemble_dichuyen: 430 300
2024-12-16 00:06:58,005 ERROR auto_assemble_thucthicaulenh(1117) Zhuangzi2 pf 2310 3705
2024-12-16 00:06:58,160 ERROR auto_assemble_thucthicaulenh(1117) Zhuangzi1 pf 2314 3706
2024-12-16 00:06:58,295 ERROR auto_assemble_thucthicaulenh(1117) Zhuangzi2 pf 2310 3705
2024-12-16 00:06:58,295 ERROR auto_assemble_dichuyen(1216) Zhuangzi1: auto_assemble_dichuyen: 430 300
2024-12-16 00:06:58,433 ERROR auto_assemble_thucthicaulenh(1117) Zhuangzi1 pf 3291 3705
2024-12-16 00:06:58,724 ERROR auto_assemble_thucthicaulenh(1117) Zhuangzi1 pf 3291 3705
2024-12-16 00:06:59,609 ERROR auto_assemble_thucthicaulenh(1117) Zhuangzi2 pf 3252 3706
2024-12-16 00:06:59,886 ERROR auto_assemble_thucthicaulenh(1117) Zhuangzi2 pf 3252 3706
2024-12-16 00:07:00,160 ERROR auto_assemble_thucthicaulenh(1117) Zhuangzi2 pf 3252 3706
2024-12-16 00:07:00,177 ERROR auto_assemble_thucthicaulenh(1117) Zhuangzi1 pf 3252 3705
2024-12-16 00:07:01,393 ERROR auto_assemble_dichuyen(1216) Zhuangzi2: auto_assemble_dichuyen: 741 433
2024-12-16 00:07:03,152 ERROR auto_assemble_thucthicaulenh(1117) Zhuangzi2 talk 1bc# 1
2024-12-16 00:07:03,280 ERROR auto_assemble_thucthicaulenh(1117) Zhuangzi1 pf 3252 3705
2024-12-16 00:07:03,551 ERROR auto_assemble_thucthicaulenh(1117) Zhuangzi1 pf 3252 3705
2024-12-16 00:07:03,841 ERROR auto_assemble_thucthicaulenh(1117) Zhuangzi1 pf 3252 3705
2024-12-16 00:07:04,170 ERROR auto_assemble_thucthicaulenh(1117) Zhuangzi2 talk 1b7# go
2024-12-16 00:07:07,035 ERROR auto_assemble_thucthicaulenh(1117) Zhuangzi2 pf 3252 3706
2024-12-16 00:07:07,042 ERROR auto_assemble_thucthicaulenh(1117) Zhuangzi1 pf 3252 3705
2024-12-16 00:07:07,551 ERROR auto_assemble_thucthicaulenh(1117) Zhuangzi2 pf 3252 3706
2024-12-16 00:07:07,839 ERROR auto_assemble_thucthicaulenh(1117) Zhuangzi2 pf 3252 3706
2024-12-16 00:07:09,131 ERROR auto_assemble_dichuyen(1216) Zhuangzi2: auto_assemble_dichuyen: 252 100
2024-12-16 00:07:10,177 ERROR auto_assemble_thucthicaulenh(1117) Zhuangzi1 pf 3252 3705
2024-12-16 00:07:13,412 ERROR auto_assemble_thucthicaulenh(1117) Zhuangzi1 pf 3252 3705
2024-12-16 00:07:16,585 ERROR auto_assemble_thucthicaulenh(1117) Zhuangzi1 pf 3252 3705
2024-12-16 00:07:19,742 ERROR auto_assemble_thucthicaulenh(1117) Zhuangzi1 pf 3252 3705
2024-12-16 00:07:22,956 ERROR auto_assemble_thucthicaulenh(1117) Zhuangzi1 pf 3252 3705
2024-12-16 00:07:26,166 ERROR auto_assemble_thucthicaulenh(1117) Zhuangzi1 pf 3252 3705
2024-12-16 00:07:26,447 ERROR auto_assemble_thucthicaulenh(1117) Zhuangzi1 pf 3252 3705
2024-12-16 00:07:26,736 ERROR auto_assemble_thucthicaulenh(1117) Zhuangzi1 pf 3252 3705
